title,company,location,links
Python Developer,Agama Solutions,"San Francisco, CA+1 location•Remote",https://www.indeed.com/rc/clk?jk=f6a64372a5851eec&fccid=db130263a2af3230&vjs=3
Entry Level Business Analyst-Remote,Agama Solutions,+2 locationsRemote,https://www.indeed.com/rc/clk?jk=6f6a1c18da31655b&fccid=db130263a2af3230&vjs=3
Software Engineer Apprentice,IBM,"Southbury, CT+26 locations",https://www.indeed.com/rc/clk?jk=2efdbbcb31742cad&fccid=de71a49b535e21cb&vjs=3
Python Developer,Piper Companies,+2 locationsRemote,https://www.indeed.com/rc/clk?jk=dcd8aa324f77a41e&fccid=fc68da685e8aa986&vjs=3
Software Development Engineer I,MasterCard,"Arlington, VA+5 locations•Temporarily Remote",https://www.indeed.com/rc/clk?jk=132af4e6abc2c802&fccid=10b5c722d846df43&vjs=3
Cloud Support Apprentice,IBM,"Littleton, MA 01460",https://www.indeed.com/rc/clk?jk=6c1613e1bad627c6&fccid=de71a49b535e21cb&vjs=3
"Billing Specialist, gCare",Google,"Boulder, CO (Whittier area)",https://www.indeed.com/rc/clk?jk=0bcb88df17f278c2&fccid=a5b4499d9e91a5c6&vjs=3
Python Software Engineer,"JPMorgan Chase Bank, N.A.","Houston, TX+17 locations•Remote",https://www.indeed.com/rc/clk?jk=ad2582e0cd0aacad&fccid=aaf3b433897ea465&vjs=3
PYTHON DEVELOPER,Pythonwise,"Seattle, WA",https://www.indeed.com/rc/clk?jk=1a20a1c56fb7df73&fccid=fe0035950dcdac14&vjs=3
Lead Python Engineer,S&P Global,"Twin Falls, ID 83301+53 locations•Remote",https://www.indeed.com/rc/clk?jk=88f7e24b6be9bdc5&fccid=b716e44d2c6283e7&vjs=3
Junior Data Scientist Apprenticeship,IBM,"Buffalo, NY 14201 (Lakeview area)",https://www.indeed.com/rc/clk?jk=9879f58e80bd46b0&fccid=de71a49b535e21cb&vjs=3
Python Developer!,Ambassador,"Seattle, WA•Remote",https://www.indeed.com/rc/clk?jk=aa54c14e1fab4c45&fccid=7aa619dbecba080d&vjs=3
Python Developer-1,TIAA,New York State+1 location,https://www.indeed.com/rc/clk?jk=b736f44252e1d179&fccid=ee5ba787b9f4e31a&vjs=3
Software Engineer Python,Bank of America,"Plano, TX 75024",https://www.indeed.com/rc/clk?jk=c39721e5c4309723&fccid=5bd99dfa21c8a490&vjs=3
Applied Biomechanics Researcher,Apple,"Santa Clara Valley, CA 95014+2 locations",https://www.indeed.com/rc/clk?jk=042510ff0d38e7dc&fccid=c1099851e9794854&vjs=3
Senior Python Engineer - Enterprise Controls (Contract),Bloomberg,"New York, NY+2 locations",https://www.indeed.com/rc/clk?jk=63d8a18ab0a5b262&fccid=f770da67b3b51c62&vjs=3
Associate Software Development Analyst,Northrop Grumman,"Helena, MT 59601 (Southeast area)+2 locations•Remote",https://www.indeed.com/rc/clk?jk=5a6f470fa516d36b&fccid=11619ce0d3c2c733&vjs=3
Remote Python Developer,Scopic,"Rutland, MA 01543•Remote",https://www.indeed.com/rc/clk?jk=2e09b91f0b2367e9&fccid=0c213b537d8bfffd&vjs=3
Entry Level Environmental Scientist,RTI International,"Durham, NC 27709",https://www.indeed.com/rc/clk?jk=53fb8ca0ad947e10&fccid=66c0d03b0a0ef2a6&vjs=3
Python Engineer,Dyno Nobel,"Salt Lake City, UT 84121",https://www.indeed.com/rc/clk?jk=8a7cc0dd2929e87e&fccid=b659e9b7a0287d6c&vjs=3
Back-End Python Developer,Pluralsight,+1 locationRemote,https://www.indeed.com/rc/clk?jk=7c6936c7e6341a9f&fccid=51dc2e5aecda9e29&vjs=3
Software Engineer,NetApp,"Research Triangle Park, NC+18 locations",https://www.indeed.com/rc/clk?jk=b660d76db4caf7a0&fccid=77cec2f25f9bd7ed&vjs=3
Back-End Python Developer,Pluralsight,Remote,https://www.indeed.com/rc/clk?jk=7c6936c7e6341a9f&fccid=51dc2e5aecda9e29&vjs=3
Software Engineer,NetApp,"Research Triangle Park, NC+2 locations",https://www.indeed.com/rc/clk?jk=b660d76db4caf7a0&fccid=77cec2f25f9bd7ed&vjs=3
"UX Engineer, Front End, Early Career",Google,"New York, NY (Chelsea area)",https://www.indeed.com/rc/clk?jk=ad92ee22b6065be6&fccid=a5b4499d9e91a5c6&vjs=3
Data Scientist - Risk Data Mining,TikTok,"Mountain View, CA 94041 (Old Mountain View area)",https://www.indeed.com/rc/clk?jk=eea9c03da22fed01&fccid=caed318a9335aac0&vjs=3
Python Developer,Open Systems Technologies Corporation,"Quantico, VA 22134",https://www.indeed.com/rc/clk?jk=a41febeb311cab08&fccid=87eb742e11869bb8&vjs=3
Python Developer,Ayoconnect,Remote,https://www.indeed.com/rc/clk?jk=00bbe3c6d9f97517&fccid=2e269cf8cf4232bb&vjs=3
"Associate Software Engineer ( React, Nodejs, Python)","The Travelers Companies, Inc.","Norfolk, VA 23501",https://www.indeed.com/rc/clk?jk=c8a50408a7c3a6cc&fccid=614604a6208fa23b&vjs=3
AWS Python Engineer - Accelerate DLA,Goldman Sachs,"Dallas, TX 75201 (Oak Lawn area)",https://www.indeed.com/rc/clk?jk=801b64da973be520&fccid=16a97ed26c75bf2d&vjs=3
Business Python Developer,Fulton Management Services Inc,Remote,https://www.indeed.com/rc/clk?jk=6211d1330bbf2742&fccid=1010240a80d861e0&vjs=3
Associate Engineer Electrical,Northrop Grumman,"Warner Robins, GA•Remote",https://www.indeed.com/rc/clk?jk=4cfb63edd8675153&fccid=11619ce0d3c2c733&vjs=3
"Threat Analyst I - Opportunity for Working Remotely Boulder, CO",VMware,"Boulder, CO+38 locations•Remote",https://www.indeed.com/rc/clk?jk=0896ad9c9f462016&fccid=c762a27145bd166e&vjs=3
Backend Python Engineer!,Ambassador,"Royal Oak, MI 48073•Remote",https://www.indeed.com/rc/clk?jk=351715157483a254&fccid=7aa619dbecba080d&vjs=3
Cartographic Analyst-Day Shift-Apprentice,Leidos,"Springfield, VA 22151•Remote",https://www.indeed.com/rc/clk?jk=7d6449b46c719e9a&fccid=8765a4045377753a&vjs=3
Signal/Image Processing Engineer – All Levels,Northrop Grumman,"Woodland Hills, CA 91367•Remote",https://www.indeed.com/rc/clk?jk=91d9e7add4ada0ca&fccid=11619ce0d3c2c733&vjs=3
Performance Analysis,NetApp,"National, WV",https://www.indeed.com/rc/clk?jk=a46c86988a5e302a&fccid=77cec2f25f9bd7ed&vjs=3
Senior Python and Elastic Developer,Information Analysis,"Fairfax, VA 22030•Remote",https://www.indeed.com/rc/clk?jk=d47db7912c8884ce&fccid=ab38504aa8dc85cb&vjs=3
Software Developer (Python),"Yashco Systems, Inc.","Hilliard, OH 43026",https://www.indeed.com/rc/clk?jk=8f5037f31fe9b760&fccid=6569ec073b47e3a1&vjs=3
Software Engineer-Python - Graduate,amdocs,"Atlanta, GA",https://www.indeed.com/rc/clk?jk=d2866ad20d893ec0&fccid=3b6bf500a6749588&vjs=3
Senior Python Developer,OMBU,"Portland, OR 97214 (Buckman area)•Remote",https://www.indeed.com/rc/clk?jk=d13b06d1113de40c&fccid=2621b44f8a13e888&vjs=3
Quantitative Trader - Entry Level,Avatar Securities,"Chicago, IL",https://www.indeed.com/rc/clk?jk=d01efa8dad29efdc&fccid=e72c2ef86157888a&vjs=3
"Senior Python Engineer - Remote, Full Time",Bluelight Consulting,United States•Remote,https://www.indeed.com/rc/clk?jk=9a698878b37e8e50&fccid=a8bcbb5ebbd3ed25&vjs=3
Python Developer,Sara Technologies,"San Diego, CA 92127",https://www.indeed.com/rc/clk?jk=07cc59a85ae4d228&fccid=4fd3a02fdb32668b&vjs=3
Senior Python Engineer for Enterprise Connectivity (Contract),Bloomberg,"New York, NY",https://www.indeed.com/rc/clk?jk=cf1afda8bf7a870e&fccid=f770da67b3b51c62&vjs=3
Python Developer,Nuvento systems,Remote,https://www.indeed.com/rc/clk?jk=f2beba2d5640fd15&fccid=035c4866a9cc42e8&vjs=3
Software Engineer Entry Level,LOCKHEED MARTIN CORPORATION,"Littleton, CO 80125+1 location",https://www.indeed.com/rc/clk?jk=fefe7dc80870c89f&fccid=aeb15e43a6800b9d&vjs=3
Sr. Software Engineer (Python/Django),Tesla,"Fremont, CA",https://www.indeed.com/rc/clk?jk=f4024ffba95e7d50&fccid=86e9be6ce380173e&vjs=3
Sr. Software Engineer - FinOps,NetApp,"Baltimore, MD",https://www.indeed.com/rc/clk?jk=8a1e3ad913ace248&fccid=77cec2f25f9bd7ed&vjs=3
Python Developer,Fults & Associates,"Grapevine, TX",https://www.indeed.com/rc/clk?jk=724d43dd753723a7&fccid=c938eee164c4c383&vjs=3
Python Software Engineering Instructor (Part-Time),Hackbright Academy,"San Francisco, CA",https://www.indeed.com/rc/clk?jk=ae1315317c44f7bf&fccid=4a63ba4ff006471b&vjs=3
Part Time - YY Lab - Research Assistant,Penn State University,"Abington, PA 19001",https://www.indeed.com/rc/clk?jk=69ec5732caeaec92&fccid=ee32437d8dec00bd&vjs=3
Associate Engineer Electronics,Northrop Grumman,"San Diego, CA•Remote",https://www.indeed.com/rc/clk?jk=e45c4f11a688d2a5&fccid=11619ce0d3c2c733&vjs=3
SQL/Python Reporting Developer,Bank of America,"Pennington, NJ 08534",https://www.indeed.com/rc/clk?jk=efbfaad904032769&fccid=5bd99dfa21c8a490&vjs=3
Associate Scientist - HTPD,Merck,"West Point, PA",https://www.indeed.com/rc/clk?jk=92cfe5a8d8da2c2b&fccid=c38b7d5e0419a6a7&vjs=3
Backend Python Engineer,Ocrolus,"New York, NY+1 location",https://www.indeed.com/rc/clk?jk=0da52eb9d8a03540&fccid=5a599bb89ab2a26a&vjs=3
Software Engineer - Python,Demo160: Core Template TEMC,"San Jose, CA 95113 (Downtown area)",https://www.indeed.com/rc/clk?jk=4eb552d44669c1fb&fccid=87c447efd8cbb650&vjs=3
Programmer,Inter-Connect,"Quincy, IL",https://www.indeed.com/rc/clk?jk=e35b7a1d480fbe5a&fccid=1588d309ee86f3c0&vjs=3
Software Engineer II - Delivery,Uber,"New York, NY+71 locations",https://www.indeed.com/rc/clk?jk=219fdc7056f84713&fccid=f766f8bfbc3effb7&vjs=3
Software Engineer - Python,Backstage,"New York, NY•Remote",https://www.indeed.com/rc/clk?jk=2814f981b67e8b0b&fccid=0087bb2812a282cd&vjs=3
SQL/Python Reporting Developer,Bank of America,"Pennington, NJ 08534+2 locations",https://www.indeed.com/rc/clk?jk=efbfaad904032769&fccid=5bd99dfa21c8a490&vjs=3
Engineer Senior - Cloud Python Microservices,Ball Aerospace,"Broomfield, CO 80020+1 location",https://www.indeed.com/rc/clk?jk=332bda18df7f9acd&fccid=82c5e27e77990fa2&vjs=3
Senior Python Developer,eMoney Advisor,+9 locationsRemote,https://www.indeed.com/rc/clk?jk=3d24f55f111f7e29&fccid=74d116e6378c30fc&vjs=3
"Sr. BI Analyst - SQL, Python & Data Visualization",CDK Global,"Austin, TX 78730",https://www.indeed.com/rc/clk?jk=300db26b74f3db6e&fccid=cf4c744760f4998e&vjs=3
Software Engineer 2 - Remote,Microsoft,"Mountain View, CA 94043+69 locations•Remote",https://www.indeed.com/rc/clk?jk=b0e4bdf49b68fad6&fccid=734cb5a01ee60f80&vjs=3
Junior Full Stack Software Engineer,kraken,+1 locationRemote,https://www.indeed.com/rc/clk?jk=07939257d42c750b&fccid=66d394411dd2efad&vjs=3
Software Engineer in Test,NetApp,"Research Triangle Park, NC+4 locations",https://www.indeed.com/rc/clk?jk=40a915685a77432c&fccid=77cec2f25f9bd7ed&vjs=3
Research Associate,Whiterabbit.ai,Remote,https://www.indeed.com/rc/clk?jk=fc65b101b2d44654&fccid=23be8105a561807b&vjs=3
Software Developer – Entry Level,Grant Street Group,Remote,https://www.indeed.com/rc/clk?jk=aba0b0d814110143&fccid=23b4cebad6818890&vjs=3
Python Developer,Barclays,"New York, NY 10019 (Midtown area)+2 locations",https://www.indeed.com/rc/clk?jk=4f300fe37f8034b0&fccid=057abf3fd357e717&vjs=3
Python Developer,Shuup,Remote,https://www.indeed.com/rc/clk?jk=52d5762bc4f2e29b&fccid=f3a5df34d641c026&vjs=3
Senior Backend Python Developer,Intone Networks,+1 locationRemote,https://www.indeed.com/rc/clk?jk=e797a3ccf4eec7d0&fccid=3ed0572c448b2368&vjs=3
Python Developer,Stier Solutions,"Westlake Village, CA 91361",https://www.indeed.com/rc/clk?jk=b2de55596c3a1f9e&fccid=95dd6f54c1cc05d9&vjs=3
Physical and Technical Security Officer,Central Intelligence Agency,"Washington, DC 20505 (Foggy Bottom area)",https://www.indeed.com/rc/clk?jk=35f00093650c06b9&fccid=e9870e3159e9c6ac&vjs=3
Sr Python Software Engineer,Echodyne,"Kirkland, WA 98034 (Totem Lake area)+1 location",https://www.indeed.com/rc/clk?jk=01ebcd4b2ad706a2&fccid=cc204e15a8d1bbd5&vjs=3
PYTHON DEVELOPER,OC10,"Charlotte, NC 28202 (Downtown Charlotte area)",https://www.indeed.com/rc/clk?jk=f26b8209c93fdd28&fccid=5eee84779c216665&vjs=3
"Quantitative Researcher, Health",Facebook,+28 locationsRemote,https://www.indeed.com/rc/clk?jk=c1d22f8104bdd933&fccid=1639254ea84748b5&vjs=3
Data Analyst,ZappyRide,Remote,https://www.indeed.com/rc/clk?jk=63d734eccd29cdb8&fccid=fb39aab08188be79&vjs=3
Head of Credit,MainStreet,Remote,https://www.indeed.com/rc/clk?jk=5fcb2acb4930fa93&fccid=d7fc59587a5ff1f0&vjs=3
Python Developer,Highbrow-Tech,"Hartford, CT+1 location",https://www.indeed.com/rc/clk?jk=ff3b1e51f87301cd&fccid=3c4418c05a3a90fc&vjs=3
Senior Engineer / Engineer-Python,Iron Systems,"Fremont, CA 94539 (East Industrial area)",https://www.indeed.com/rc/clk?jk=7c9724ccf6c953e1&fccid=39e7cc3fd9e2cd7d&vjs=3
Cloud Manageability Engineer (New Graduate),Hewlett Packard Enterprise,"Fort Collins, CO+3 locations",https://www.indeed.com/rc/clk?jk=ec48debba68ff38e&fccid=216eb700022de6f6&vjs=3
Senior Python Developer,ABS,"Arlington, VA 22201 (Clarendon-Courthouse area)•Remote",https://www.indeed.com/rc/clk?jk=0f81de09e5a86c8c&fccid=93f480e9ca33a501&vjs=3
"Software Engineer III, Front End",Google,"Atlanta, GA+35 locations",https://www.indeed.com/rc/clk?jk=82bceaa37ea1fb39&fccid=a5b4499d9e91a5c6&vjs=3
"Software Engineer, University Grad",Facebook,"Los Angeles, CA 90066 (Del Rey area)+120 locations",https://www.indeed.com/rc/clk?jk=89bfde80daa95604&fccid=1639254ea84748b5&vjs=3
Backend Software and Python Engineer,Adaviv,Remote,https://www.indeed.com/rc/clk?jk=911a6ff5e5a76fb5&fccid=da19b567841a136a&vjs=3
Customer Experience Specialist (Weekend and Swing Shifts),Convoy,"Atlanta, GA+5 locations",https://www.indeed.com/rc/clk?jk=82ef59d0116fd45c&fccid=4514e98bb41669d2&vjs=3
Senior Engineer / Engineer-Python,Iron Systems,"Fremont, CA 94539 (East Industrial area)",https://www.indeed.com/rc/clk?jk=7c9724ccf6c953e1&fccid=39e7cc3fd9e2cd7d&vjs=3
Python Bootcamp Prep Instructor (Part-Time),Hackbright Academy,"San Francisco, CA",https://www.indeed.com/rc/clk?jk=d90877b5c3795182&fccid=4a63ba4ff006471b&vjs=3
"Software Engineer III, Front End",Google,"Atlanta, GA",https://www.indeed.com/rc/clk?jk=82bceaa37ea1fb39&fccid=a5b4499d9e91a5c6&vjs=3
Support Opportunities,RStudio,"Seattle, WA•Remote",https://www.indeed.com/rc/clk?jk=2c26339484d5141f&fccid=51b16288e36313e8&vjs=3
Customer Experience Specialist (Weekend and Swing Shifts),Convoy,"Atlanta, GA+1 location",https://www.indeed.com/rc/clk?jk=82ef59d0116fd45c&fccid=4514e98bb41669d2&vjs=3
Research Engineer,Cargill,"Plymouth, MN",https://www.indeed.com/rc/clk?jk=7bece20e5f530090&fccid=d7d9a8241ba2f3ec&vjs=3
TikTok LIVE Data Analyst,TikTok,"Los Angeles, CA",https://www.indeed.com/rc/clk?jk=280c5ddc42551043&fccid=caed318a9335aac0&vjs=3
Engineer Software,Northrop Grumman,"Aurora, CO+1 location",https://www.indeed.com/rc/clk?jk=fc7fe35e13532acf&fccid=11619ce0d3c2c733&vjs=3
Sr. Python Developer,SIS,"Austin, TX",https://www.indeed.com/rc/clk?jk=f2c8e51611af4081&fccid=858b91c1e4506185&vjs=3
MediaManager Software Engineer (Python),Inmar,"Raleigh, NC•Remote",https://www.indeed.com/rc/clk?jk=108391322b250857&fccid=7ca34b4de572548d&vjs=3
Early career data scientist / analyst / statistical geneticist,Data Tecnica,"Glen Echo, MD•Remote",https://www.indeed.com/rc/clk?jk=b6506065408f4f15&fccid=0ce02a3e84d031c6&vjs=3
Business Analyst (Entry-Level),Agama Solutions,"Sunnyvale, CA",https://www.indeed.com/rc/clk?jk=4d456575082f416c&fccid=db130263a2af3230&vjs=3
Backend Software and Python Engineer,Adaviv,Remote,https://www.indeed.com/rc/clk?jk=911a6ff5e5a76fb5&fccid=da19b567841a136a&vjs=3
Freelance Software Engineer (Django/Python),The Motley Fool,Remote,https://www.indeed.com/rc/clk?jk=147da9ea52ea90b2&fccid=62d0bf8f2d130eaa&vjs=3
Middle/Senior Backend Python Developer,AgiliWay,United States,https://www.indeed.com/rc/clk?jk=1af5bc2c7ec678e0&fccid=be0bcbc568f3eb0a&vjs=3
"Data Analyst, Athletic Performance & Training, Basketball Strategy and Analytics",Atlanta Hawks & State Farm Arena,"Atlanta, GA",https://www.indeed.com/rc/clk?jk=5c57ed70bb7ec0fd&fccid=5adc3fd5fc2923fc&vjs=3
Data Analyst - Business Development (Full Time/Part Time),"Bainbridge, Inc.",Remote,https://www.indeed.com/rc/clk?jk=ba5466c6e05b613d&fccid=0dd0f2dc4ecc3d85&vjs=3
Python Developer,Snap IT Solutions,"Houston, TX 77099 (Alief area)",https://www.indeed.com/rc/clk?jk=0e10fe734c597c75&fccid=f5c51ab2f4e98cd6&vjs=3
Sr. Python Engineer,Highbrow-Tech,Remote,https://www.indeed.com/rc/clk?jk=b3082332444a0831&fccid=3c4418c05a3a90fc&vjs=3
O02R Python Developer,TalentWerx,"Quantico, VA",https://www.indeed.com/rc/clk?jk=000f3a4ea33bc517&fccid=aeba8c56cfe31c21&vjs=3
Python developer,VAUXOO,"Colima, GA",https://www.indeed.com/rc/clk?jk=f7669fcbd77ecd11&fccid=5293418a7e661884&vjs=3
Python Developer,Intellilink Technologies,"Princeton, NJ",https://www.indeed.com/rc/clk?jk=accd4b9e2652cb0a&fccid=385e3655d7ba12a5&vjs=3
Python Software Engineer,SAIC,United States•Temporarily Remote,https://www.indeed.com/rc/clk?jk=6933469ce8ea0e65&fccid=f3b836e645f9b36d&vjs=3
"Machine Learning Engineer, Siri Understanding (Cambridge, MA)",Apple,"Cambridge, MA",https://www.indeed.com/rc/clk?jk=c71899d3ddbc8c7e&fccid=c1099851e9794854&vjs=3
Python Developer,Haneke Design,"Tampa, FL",https://www.indeed.com/rc/clk?jk=542b21736b6bca61&fccid=ab0b16570f420ca6&vjs=3
Software Developer-python,Intone Networks,"Johnston, IA",https://www.indeed.com/rc/clk?jk=66f75fd09ae416fb&fccid=3ed0572c448b2368&vjs=3
Vehicle Test Engineer - Advanced Driving Functions,Continental AG,"Auburn Hills, MI 48326",https://www.indeed.com/rc/clk?jk=2171909e2e793167&fccid=6f8339707b2d6538&vjs=3
Software Development Engineer in Test (Cloud Engineering),NetApp,"Waltham, MA 02451",https://www.indeed.com/rc/clk?jk=0513f30e1e0051f6&fccid=77cec2f25f9bd7ed&vjs=3
NetApp Emerging Talent - QA Engineer (RTP),NetApp,"Research Triangle Park, NC+5 locations•Remote",https://www.indeed.com/rc/clk?jk=08f5961ff4688b49&fccid=77cec2f25f9bd7ed&vjs=3
IT Development Program - Software Engineering 2022a,John Deere,"Moline, IL 61265",https://www.indeed.com/rc/clk?jk=afe4dc44bf142c7a&fccid=38eb72d608d80c79&vjs=3
Software Engineers & Web Developers,1DocWay,"New York, NY",https://www.indeed.com/rc/clk?jk=597b9830f39b5420&fccid=bc8bf69154b5fc28&vjs=3
Machine Learning Engineer,Double River Investments Limited,Remote,https://www.indeed.com/rc/clk?jk=71cf58f70ef07a85&fccid=c406559b63bb60a6&vjs=3
"Manager, Analytics & Decision Support, YouTube",YouTube,"New York, NY",https://www.indeed.com/rc/clk?jk=7e1279aeb21d6efe&fccid=a9021c35fcef6968&vjs=3
AWS Python Backend developer,Capgemini,"Houston, TX+2 locations",https://www.indeed.com/rc/clk?jk=311048a6d3fe7ddf&fccid=105ecfd0283f415f&vjs=3
Hiring-Python Developer-TX,TanPro ITCorp,"Houston, TX•Remote",https://www.indeed.com/rc/clk?jk=708e3963874842fc&fccid=411a7388f3bb2199&vjs=3
Postdoctoral Researchers- Inorganic Thin film Materials,National Renewable Energy Laboratory,"Golden, CO 80401+13 locations",https://www.indeed.com/rc/clk?jk=854bb38faf146f7e&fccid=b4ae64835618776c&vjs=3
Senior Python Developer,Six Feet Up Inc.,"Fishers, IN",https://www.indeed.com/rc/clk?jk=d415983f29b3d543&fccid=e3d7a1ba21a69c52&vjs=3
Python Developer,Palnar Transmedia,United States,https://www.indeed.com/rc/clk?jk=ed6eecf0f5d89d1b&fccid=2b7addf071190ef4&vjs=3
Risk Business Analyst,TikTok,"Los Angeles, CA",https://www.indeed.com/rc/clk?jk=7122f99965936375&fccid=caed318a9335aac0&vjs=3
Test Engineer - Tesla Bot,Tesla,"Austin, TX+12 locations",https://www.indeed.com/rc/clk?jk=65845fc0b2cf0765&fccid=86e9be6ce380173e&vjs=3
Oil & Gas Production Analyst,FactSet Research Systems,Colorado•Remote,https://www.indeed.com/rc/clk?jk=9ac79b8f85dbe70a&fccid=7ca19d158e5b580d&vjs=3
"Fellow, No Fringe Benefits",Massachusetts General Hospital(MGH),"Charlestown, MA 02129",https://www.indeed.com/rc/clk?jk=3500cd16ee1dc894&fccid=3aaabf5c54e51db9&vjs=3
Python Chatbot Backend Developer (Python & Django),Ossisto,"Perth Amboy, NJ 08861",https://www.indeed.com/rc/clk?jk=57d0944b8af6aacd&fccid=c84a50fbacf351fd&vjs=3
ETL testers,Keyseries,Remote,https://www.indeed.com/rc/clk?jk=df38a11109b3e65d&fccid=25ddcfc98114b689&vjs=3
Application Support Specialist,YMCA of Pierce and Kitsap Counties,"Tacoma, WA 98405 (Central area)",https://www.indeed.com/rc/clk?jk=5ddd1995079cc45d&fccid=5b9b2051f4f9d0d9&vjs=3
Python Application Developer,Zachary Piper Solutions,"Arlington, VA•Remote",https://www.indeed.com/rc/clk?jk=15483a4944889963&fccid=7ec7698a1006611c&vjs=3
"Data Scientist, Machine Learning",Discord,"San Francisco, CA+1 location",https://www.indeed.com/rc/clk?jk=ef7a13e91a0db178&fccid=f2ab4689def17626&vjs=3
Satellite Operator,Astranis,"San Francisco, CA",https://www.indeed.com/rc/clk?jk=2abca30106badaa9&fccid=bc11c7f77a065fb8&vjs=3
Python Engineer,Rocket Mortgage,"Detroit, MI 48226 (Downtown area)",https://www.indeed.com/rc/clk?jk=276bd5e1c31fc2b3&fccid=67d44bb0f7a092a6&vjs=3
Data Center Technician,"Amazon Data Services, Inc.","Chantilly, VA 20151+17 locations",https://www.indeed.com/rc/clk?jk=38885b6cfedb1a5e&fccid=fe2d21eef233e94a&vjs=3
Python Developer,Plateau Software Inc,Remote,https://www.indeed.com/rc/clk?jk=64b1875b1756c677&fccid=30b82ef3feec23a4&vjs=3
Fraud Team Lead,Aspiration Partners,"Los Angeles, CA•Remote",https://www.indeed.com/rc/clk?jk=3078d120733c763d&fccid=b89dc184f7cdc153&vjs=3
Entry Level Data Scientist,Toyota Connected North America,"Plano, TX•Remote",https://www.indeed.com/rc/clk?jk=bf0affb839acd9a5&fccid=dd616958bd9ddc12&vjs=3
Software Engineer (Python),Pluralsight,Virginia+6 locations•Remote,https://www.indeed.com/rc/clk?jk=5832d0c8f5ea89ef&fccid=51dc2e5aecda9e29&vjs=3
Associate Software Engineer,Hulu,"Santa Monica, CA+4 locations",https://www.indeed.com/rc/clk?jk=59f8aa86036f9ea1&fccid=6824fc1f087bd63e&vjs=3
Python Developer,CSC Generation,United States+1 location•Remote,https://www.indeed.com/rc/clk?jk=3b344469db5ef9c4&fccid=e77ce15f3f6f94c7&vjs=3
Robotics Engineer,Robby Technologies,"Palo Alto, CA",https://www.indeed.com/rc/clk?jk=a6456a8f09ab6e0d&fccid=474f8582476790be&vjs=3
Middle/Senior Python Developer,ScienceSoft USA Corporation,"McKinney, TX 75070",https://www.indeed.com/rc/clk?jk=483f2eac5b38d2e8&fccid=d21903e5cf207109&vjs=3
Backend Python Developer,Cliently,"San Antonio, TX",https://www.indeed.com/rc/clk?jk=cf8f640379b9d46b&fccid=348512f0068ca107&vjs=3
Ace Operations Engineer,KBR,"Greenbelt, MD",https://www.indeed.com/rc/clk?jk=de10fc09186f446c&fccid=cbfa56f19cc95796&vjs=3
Data Center Operations Engineer,Facebook,"Los Lunas, NM 87031+77 locations",https://www.indeed.com/rc/clk?jk=98f6ca8a7f9c8184&fccid=1639254ea84748b5&vjs=3
Senior Software Engineer (f/m/d) for something meaningful,Plantix,No office location,https://stackoverflow.com//jobs/434316/senior-software-engineer-f-m-d-for-something-plantix?a=2lEGgRht5sWY&so=i&pg=1&offset=0&total=237&so_medium=Internal&so_source=JobSearch&q=python+pg%3d1
Senior Software Engineer (f/m/d) for something meaningful,Plantix,No office location,https://stackoverflow.com//jobs/434316/senior-software-engineer-f-m-d-for-something-plantix?a=2lEGgRht5sWY&so=i&pg=1&offset=0&total=237&so_medium=Internal&so_source=JobSearch&q=python+pg%3d1
Python Engineer (f/m/x),AUTO1,"Berlin, Germany",https://stackoverflow.com//jobs/529846/python-engineer-f-m-x-auto1?a=2RH1pt2AXKGQ&so=i&pg=1&offset=1&total=237&so_medium=Internal&so_source=JobSearch&q=python+pg%3d1
Backend Software Engineer: Python/ Java (m/f/d),creditshelf,"Frankfurt am Main, Deutschland",https://stackoverflow.com//jobs/219940/backend-software-engineer-python-java-m-f-d-creditshelf?a=1bLbuCWAEaiY&so=i&pg=1&offset=2&total=237&so_medium=Internal&so_source=JobSearch&q=python+pg%3d1
Python Developer (Remote),X-Team,No office location,https://stackoverflow.com//jobs/534454/python-developer-remote-x-team?a=2TePQRn14hTq&so=i&pg=1&offset=3&total=237&so_medium=Internal&so_source=JobSearch&q=python+pg%3d1
Back-end developer (Python),Nolk,"Montreal, QC, Canada",https://stackoverflow.com//jobs/547896/back-end-developer-python-nolk?a=2XKkIBSECGTS&so=i&pg=1&offset=4&total=237&so_medium=Internal&so_source=JobSearch&q=python+pg%3d1
"Senior Python Engineer, Backend (Remote)",AssemblyAI,"San Francisco, CA",https://stackoverflow.com//jobs/540026/senior-python-engineer-backend-remote-assemblyai?a=2V6H2FClrmQo&so=i&pg=1&offset=5&total=237&so_medium=Internal&so_source=JobSearch&q=python+pg%3d1
(Senior) Backend Python Developer (m/f/x),Alasco,"München, Germany",https://stackoverflow.com//jobs/388312/senior-backend-python-developer-m-f-x-alasco?a=26e7FsqQLr6o&so=i&pg=1&offset=6&total=237&so_medium=Internal&so_source=JobSearch&q=python+pg%3d1
C++ and Python software engineers - Metrology,ASML,"Veldhoven, Netherlands",https://stackoverflow.com//jobs/523429/c-plus-plus-and-python-software-engineers-metrology-asml?a=2PxB2DLJt5pm&so=i&pg=1&offset=7&total=237&so_medium=Internal&so_source=JobSearch&q=python+pg%3d1
(Senior) Software Engineer (Python) - Vendor Tech (f/m/d),Delivery Hero SE,"Berlin, Germany",https://stackoverflow.com//jobs/540103/senior-software-engineer-python-vendor-tech-delivery-hero-se?a=2V8ij71NdvIk&so=i&pg=1&offset=8&total=237&so_medium=Internal&so_source=JobSearch&q=python+pg%3d1
"(Senior) Software Engineer with Python - Quick Commerce, remote team (f/m/d)",Delivery Hero SE,No office location,https://stackoverflow.com//jobs/545025/senior-software-engineer-with-python-quick-delivery-hero-se?a=2WMDxQ9eFDTq&so=i&pg=1&offset=9&total=237&so_medium=Internal&so_source=JobSearch&q=python+pg%3d1
(Senior / Mid-Level) Software Engineer (Python) - Global Service Tech (f/m/d),Delivery Hero SE,"Berlin, Germany",https://stackoverflow.com//jobs/543914/senior-mid-level-software-engineer-python-delivery-hero-se?a=2Wpxi25ct0u4&so=i&pg=1&offset=10&total=237&so_medium=Internal&so_source=JobSearch&q=python+pg%3d1
Software Engineer - Python and React,SureSwift Capital,No office location,https://stackoverflow.com//jobs/544565/software-engineer-python-and-react-sureswift-capital?a=2WD4x2JCL7Q4&so=i&pg=1&offset=11&total=237&so_medium=Internal&so_source=JobSearch&q=python+pg%3d1
"Engineering Manager (Python) - Quick Commerce, remote team (f/m/d)",Delivery Hero SE,No office location,https://stackoverflow.com//jobs/545030/engineering-manager-python-quick-commerce-delivery-hero-se?a=2WMJZtLVxuO4&so=i&pg=1&offset=12&total=237&so_medium=Internal&so_source=JobSearch&q=python+pg%3d1
"Senior Software Engineer, Integration QA, Python",Canonical,No office location,https://stackoverflow.com//jobs/519661/senior-software-engineer-integration-qa-python-canonical?a=2OhfkCQ9ChCE&so=i&pg=1&offset=13&total=237&so_medium=Internal&so_source=JobSearch&q=python+pg%3d1
Python/Perl Developer,BookTrolls,"Houston, TX",https://stackoverflow.com//jobs/521797/python-perl-developer-booktrolls?a=2OZEYrPVSSkg&so=i&pg=1&offset=14&total=237&so_medium=Internal&so_source=JobSearch&q=python+pg%3d1
"Senior Open Source Developer & DevOps (Python, Django, AWS, OpenStack)",OpenCraft,No office location,https://stackoverflow.com//jobs/453430/senior-open-source-developer-devops-python-opencraft?a=2s475d4WIn4I&so=i&pg=1&offset=15&total=237&so_medium=Internal&so_source=JobSearch&q=python+pg%3d1
"Full Stack Data Lead (AWS, Python)",Modus Create,No office location,https://stackoverflow.com//jobs/539789/full-stack-data-lead-aws-python-modus-create?a=2V1LvMeLRUJO&so=i&pg=1&offset=16&total=237&so_medium=Internal&so_source=JobSearch&q=python+pg%3d1
Ruby / Elixir / Python / Go Developer,Scripbox,"Bengaluru, India",https://stackoverflow.com//jobs/463464/ruby-elixir-python-go-developer-scripbox?a=2vqKuX26D49q&so=i&pg=1&offset=17&total=237&so_medium=Internal&so_source=JobSearch&q=python+pg%3d1
Software Engineer - Python - Optimise Ubuntu for Public Clouds,Canonical,No office location,https://stackoverflow.com//jobs/532909/software-engineer-python-optimise-ubuntu-for-canonical?a=2SII6nxmFzA4&so=i&pg=1&offset=18&total=237&so_medium=Internal&so_source=JobSearch&q=python+pg%3d1
Business/Data Analyst (Python/Jupyter/Pandas/Numpy),Hummingbot,No office location,https://stackoverflow.com//jobs/534273/business-data-analyst-python-jupyter-pandas-hummingbot?a=2Tb4vVnAqoq4&so=i&pg=1&offset=19&total=237&so_medium=Internal&so_source=JobSearch&q=python+pg%3d1
Software Engineering Manager (Python / GCP) (Global Service Tech) (f/m/d),Delivery Hero SE,"Berlin, Germany",https://stackoverflow.com//jobs/540140/software-engineering-manager-python-gcp-delivery-hero-se?a=2V94aqT1ItlC&so=i&pg=1&offset=20&total=237&so_medium=Internal&so_source=JobSearch&q=python+pg%3d1
C++ developer in Berlin. 120 000 euro per year,think-cell,"Berlin, Germany",https://stackoverflow.com//jobs/36832/c-plus-plus-developer-in-berlin-120-000-euro-per-year-think-cell?a=clQrrht3gwE&so=i&pg=1&offset=21&total=237&so_medium=Internal&so_source=JobSearch&q=python+pg%3d1
Senior Software Engineer - Web Services (Remote),Canonical,No office location,https://stackoverflow.com//jobs/548614/senior-software-engineer-web-services-remote-canonical?a=2XZgkMH8Xfiw&so=i&pg=1&offset=22&total=237&so_medium=Internal&so_source=JobSearch&q=python+pg%3d1
"Software Engineer, Backend",SmartNews,"Shibuya City, Japan",https://stackoverflow.com//jobs/208334/software-engineer-backend-smartnews?a=17RRwlZff9bq&so=i&pg=1&offset=23&total=237&so_medium=Internal&so_source=JobSearch&q=python+pg%3d1
Backend Engineer,Tessian,"London, UK",https://stackoverflow.com//jobs/547936/backend-engineer-tessian?a=2XLarIjvfahy&so=i&pg=1&offset=24&total=237&so_medium=Internal&so_source=JobSearch&q=python+pg%3d1
Senior Software Engineer (f/m/d) for something meaningful,Plantix,No office location,https://stackoverflow.com//jobs/434316/senior-software-engineer-f-m-d-for-something-plantix?a=2lEGgRht5sWY&so=i&pg=1&offset=0&total=237&so_medium=Internal&so_source=JobSearch&q=python+pg%3d2
Senior Software Engineer (f/m/d) for something meaningful,Plantix,No office location,https://stackoverflow.com//jobs/434316/senior-software-engineer-f-m-d-for-something-plantix?a=2lEGgRht5sWY&so=i&pg=1&offset=0&total=237&so_medium=Internal&so_source=JobSearch&q=python+pg%3d2
Python Engineer (f/m/x),AUTO1,"Berlin, Germany",https://stackoverflow.com//jobs/529846/python-engineer-f-m-x-auto1?a=2RH1pt2AXKGQ&so=i&pg=1&offset=1&total=237&so_medium=Internal&so_source=JobSearch&q=python+pg%3d2
Backend Software Engineer: Python/ Java (m/f/d),creditshelf,"Frankfurt am Main, Deutschland",https://stackoverflow.com//jobs/219940/backend-software-engineer-python-java-m-f-d-creditshelf?a=1bLbuCWAEaiY&so=i&pg=1&offset=2&total=237&so_medium=Internal&so_source=JobSearch&q=python+pg%3d2
Back-end developer (Python),Nolk,"Montreal, QC, Canada",https://stackoverflow.com//jobs/547896/back-end-developer-python-nolk?a=2XKkIBSECGTS&so=i&pg=1&offset=3&total=237&so_medium=Internal&so_source=JobSearch&q=python+pg%3d2
Python Developer (Remote),X-Team,No office location,https://stackoverflow.com//jobs/534454/python-developer-remote-x-team?a=2TePQRn14hTq&so=i&pg=1&offset=4&total=237&so_medium=Internal&so_source=JobSearch&q=python+pg%3d2
"Senior Python Engineer, Backend (Remote)",AssemblyAI,"San Francisco, CA",https://stackoverflow.com//jobs/540026/senior-python-engineer-backend-remote-assemblyai?a=2V6H2FClrmQo&so=i&pg=1&offset=5&total=237&so_medium=Internal&so_source=JobSearch&q=python+pg%3d2
(Senior) Backend Python Developer (m/f/x),Alasco,"München, Germany",https://stackoverflow.com//jobs/388312/senior-backend-python-developer-m-f-x-alasco?a=26e7FsqQLr6o&so=i&pg=1&offset=6&total=237&so_medium=Internal&so_source=JobSearch&q=python+pg%3d2
C++ and Python software engineers - Metrology,ASML,"Veldhoven, Netherlands",https://stackoverflow.com//jobs/523429/c-plus-plus-and-python-software-engineers-metrology-asml?a=2PxB2DLJt5pm&so=i&pg=1&offset=7&total=237&so_medium=Internal&so_source=JobSearch&q=python+pg%3d2
(Senior / Mid-Level) Software Engineer (Python) - Global Service Tech (f/m/d),Delivery Hero SE,"Berlin, Germany",https://stackoverflow.com//jobs/543914/senior-mid-level-software-engineer-python-delivery-hero-se?a=2Wpxi25ct0u4&so=i&pg=1&offset=8&total=237&so_medium=Internal&so_source=JobSearch&q=python+pg%3d2
(Senior) Software Engineer (Python) - Vendor Tech (f/m/d),Delivery Hero SE,"Berlin, Germany",https://stackoverflow.com//jobs/540103/senior-software-engineer-python-vendor-tech-delivery-hero-se?a=2V8ij71NdvIk&so=i&pg=1&offset=9&total=237&so_medium=Internal&so_source=JobSearch&q=python+pg%3d2
"Senior Software Engineer, Integration QA, Python",Canonical,No office location,https://stackoverflow.com//jobs/519661/senior-software-engineer-integration-qa-python-canonical?a=2OhfkCQ9ChCE&so=i&pg=1&offset=10&total=237&so_medium=Internal&so_source=JobSearch&q=python+pg%3d2
"(Senior) Software Engineer with Python - Quick Commerce, remote team (f/m/d)",Delivery Hero SE,No office location,https://stackoverflow.com//jobs/545025/senior-software-engineer-with-python-quick-delivery-hero-se?a=2WMDxQ9eFDTq&so=i&pg=1&offset=11&total=237&so_medium=Internal&so_source=JobSearch&q=python+pg%3d2
Software Engineer - Python and React,SureSwift Capital,No office location,https://stackoverflow.com//jobs/544565/software-engineer-python-and-react-sureswift-capital?a=2WD4x2JCL7Q4&so=i&pg=1&offset=12&total=237&so_medium=Internal&so_source=JobSearch&q=python+pg%3d2
"Engineering Manager (Python) - Quick Commerce, remote team (f/m/d)",Delivery Hero SE,No office location,https://stackoverflow.com//jobs/545030/engineering-manager-python-quick-commerce-delivery-hero-se?a=2WMJZtLVxuO4&so=i&pg=1&offset=13&total=237&so_medium=Internal&so_source=JobSearch&q=python+pg%3d2
"Senior Open Source Developer & DevOps (Python, Django, AWS, OpenStack)",OpenCraft,No office location,https://stackoverflow.com//jobs/453430/senior-open-source-developer-devops-python-opencraft?a=2s475d4WIn4I&so=i&pg=1&offset=14&total=237&so_medium=Internal&so_source=JobSearch&q=python+pg%3d2
"Full Stack Data Lead (AWS, Python)",Modus Create,No office location,https://stackoverflow.com//jobs/539789/full-stack-data-lead-aws-python-modus-create?a=2V1LvMeLRUJO&so=i&pg=1&offset=15&total=237&so_medium=Internal&so_source=JobSearch&q=python+pg%3d2
Ruby / Elixir / Python / Go Developer,Scripbox,"Bengaluru, India",https://stackoverflow.com//jobs/463464/ruby-elixir-python-go-developer-scripbox?a=2vqKuX26D49q&so=i&pg=1&offset=16&total=237&so_medium=Internal&so_source=JobSearch&q=python+pg%3d2
Python/Perl Developer,BookTrolls,"Houston, TX",https://stackoverflow.com//jobs/521797/python-perl-developer-booktrolls?a=2OZEYrPVSSkg&so=i&pg=1&offset=17&total=237&so_medium=Internal&so_source=JobSearch&q=python+pg%3d2
Software Engineer - Python - Optimise Ubuntu for Public Clouds,Canonical,No office location,https://stackoverflow.com//jobs/532909/software-engineer-python-optimise-ubuntu-for-canonical?a=2SII6nxmFzA4&so=i&pg=1&offset=18&total=237&so_medium=Internal&so_source=JobSearch&q=python+pg%3d2
Business/Data Analyst (Python/Jupyter/Pandas/Numpy),Hummingbot,No office location,https://stackoverflow.com//jobs/534273/business-data-analyst-python-jupyter-pandas-hummingbot?a=2Tb4vVnAqoq4&so=i&pg=1&offset=19&total=237&so_medium=Internal&so_source=JobSearch&q=python+pg%3d2
Software Engineering Manager (Python / GCP) (Global Service Tech) (f/m/d),Delivery Hero SE,"Berlin, Germany",https://stackoverflow.com//jobs/540140/software-engineering-manager-python-gcp-delivery-hero-se?a=2V94aqT1ItlC&so=i&pg=1&offset=20&total=237&so_medium=Internal&so_source=JobSearch&q=python+pg%3d2
C++ developer in Berlin. 120 000 euro per year,think-cell,"Berlin, Germany",https://stackoverflow.com//jobs/36832/c-plus-plus-developer-in-berlin-120-000-euro-per-year-think-cell?a=clQrrht3gwE&so=i&pg=1&offset=21&total=237&so_medium=Internal&so_source=JobSearch&q=python+pg%3d2
Senior Software Engineer - Web Services (Remote),Canonical,No office location,https://stackoverflow.com//jobs/548614/senior-software-engineer-web-services-remote-canonical?a=2XZgkMH8Xfiw&so=i&pg=1&offset=22&total=237&so_medium=Internal&so_source=JobSearch&q=python+pg%3d2
"Software Engineer, Backend",SmartNews,"Shibuya City, Japan",https://stackoverflow.com//jobs/208334/software-engineer-backend-smartnews?a=17RRwlZff9bq&so=i&pg=1&offset=23&total=237&so_medium=Internal&so_source=JobSearch&q=python+pg%3d2
Backend Engineer,Tessian,"London, UK",https://stackoverflow.com//jobs/547936/backend-engineer-tessian?a=2XLarIjvfahy&so=i&pg=1&offset=24&total=237&so_medium=Internal&so_source=JobSearch&q=python+pg%3d2
C++ developer in Berlin. 120 000 euro per year,think-cell,"Berlin, Germany",https://stackoverflow.com//jobs/36832/c-plus-plus-developer-in-berlin-120-000-euro-per-year-think-cell?a=clQrrht3gyI&so=i&pg=1&offset=0&total=237&so_medium=Internal&so_source=JobSearch&q=python+pg%3d3
C++ developer in Berlin. 120 000 euro per year,think-cell,"Berlin, Germany",https://stackoverflow.com//jobs/36832/c-plus-plus-developer-in-berlin-120-000-euro-per-year-think-cell?a=clQrrht3gyI&so=i&pg=1&offset=0&total=237&so_medium=Internal&so_source=JobSearch&q=python+pg%3d3
Python Engineer (f/m/x),AUTO1,"Berlin, Germany",https://stackoverflow.com//jobs/529846/python-engineer-f-m-x-auto1?a=2RH1pt2AXKGQ&so=i&pg=1&offset=1&total=237&so_medium=Internal&so_source=JobSearch&q=python+pg%3d3
Backend Software Engineer: Python/ Java (m/f/d),creditshelf,"Frankfurt am Main, Deutschland",https://stackoverflow.com//jobs/219940/backend-software-engineer-python-java-m-f-d-creditshelf?a=1bLbuCWAEaiY&so=i&pg=1&offset=2&total=237&so_medium=Internal&so_source=JobSearch&q=python+pg%3d3
Back-end developer (Python),Nolk,"Montreal, QC, Canada",https://stackoverflow.com//jobs/547896/back-end-developer-python-nolk?a=2XKkIBSECGTS&so=i&pg=1&offset=3&total=237&so_medium=Internal&so_source=JobSearch&q=python+pg%3d3
Python Developer (Remote),X-Team,No office location,https://stackoverflow.com//jobs/534454/python-developer-remote-x-team?a=2TePQRn14hTq&so=i&pg=1&offset=4&total=237&so_medium=Internal&so_source=JobSearch&q=python+pg%3d3
"Senior Python Engineer, Backend (Remote)",AssemblyAI,"San Francisco, CA",https://stackoverflow.com//jobs/540026/senior-python-engineer-backend-remote-assemblyai?a=2V6H2FClrmQo&so=i&pg=1&offset=5&total=237&so_medium=Internal&so_source=JobSearch&q=python+pg%3d3
(Senior) Backend Python Developer (m/f/x),Alasco,"München, Germany",https://stackoverflow.com//jobs/388312/senior-backend-python-developer-m-f-x-alasco?a=26e7FsqQLr6o&so=i&pg=1&offset=6&total=237&so_medium=Internal&so_source=JobSearch&q=python+pg%3d3
(Senior / Mid-Level) Software Engineer (Python) - Global Service Tech (f/m/d),Delivery Hero SE,"Berlin, Germany",https://stackoverflow.com//jobs/543914/senior-mid-level-software-engineer-python-delivery-hero-se?a=2Wpxi25ct0u4&so=i&pg=1&offset=7&total=237&so_medium=Internal&so_source=JobSearch&q=python+pg%3d3
C++ and Python software engineers - Metrology,ASML,"Veldhoven, Netherlands",https://stackoverflow.com//jobs/523429/c-plus-plus-and-python-software-engineers-metrology-asml?a=2PxB2DLJt5pm&so=i&pg=1&offset=8&total=237&so_medium=Internal&so_source=JobSearch&q=python+pg%3d3
"Senior Open Source Developer & DevOps (Python, Django, AWS, OpenStack)",OpenCraft,No office location,https://stackoverflow.com//jobs/453430/senior-open-source-developer-devops-python-opencraft?a=2s475d4WIn4I&so=i&pg=1&offset=9&total=237&so_medium=Internal&so_source=JobSearch&q=python+pg%3d3
(Senior) Software Engineer (Python) - Vendor Tech (f/m/d),Delivery Hero SE,"Berlin, Germany",https://stackoverflow.com//jobs/540103/senior-software-engineer-python-vendor-tech-delivery-hero-se?a=2V8ij71NdvIk&so=i&pg=1&offset=10&total=237&so_medium=Internal&so_source=JobSearch&q=python+pg%3d3
"Senior Software Engineer, Integration QA, Python",Canonical,No office location,https://stackoverflow.com//jobs/519661/senior-software-engineer-integration-qa-python-canonical?a=2OhfkCQ9ChCE&so=i&pg=1&offset=11&total=237&so_medium=Internal&so_source=JobSearch&q=python+pg%3d3
Software Engineer - Python - Optimise Ubuntu for Public Clouds,Canonical,No office location,https://stackoverflow.com//jobs/532909/software-engineer-python-optimise-ubuntu-for-canonical?a=2SII6nxmFzA4&so=i&pg=1&offset=12&total=237&so_medium=Internal&so_source=JobSearch&q=python+pg%3d3
"(Senior) Software Engineer with Python - Quick Commerce, remote team (f/m/d)",Delivery Hero SE,No office location,https://stackoverflow.com//jobs/545025/senior-software-engineer-with-python-quick-delivery-hero-se?a=2WMDxQ9eFDTq&so=i&pg=1&offset=13&total=237&so_medium=Internal&so_source=JobSearch&q=python+pg%3d3
Software Engineer - Python and React,SureSwift Capital,No office location,https://stackoverflow.com//jobs/544565/software-engineer-python-and-react-sureswift-capital?a=2WD4x2JCL7Q4&so=i&pg=1&offset=14&total=237&so_medium=Internal&so_source=JobSearch&q=python+pg%3d3
Business/Data Analyst (Python/Jupyter/Pandas/Numpy),Hummingbot,No office location,https://stackoverflow.com//jobs/534273/business-data-analyst-python-jupyter-pandas-hummingbot?a=2Tb4vVnAqoq4&so=i&pg=1&offset=15&total=237&so_medium=Internal&so_source=JobSearch&q=python+pg%3d3
"Engineering Manager (Python) - Quick Commerce, remote team (f/m/d)",Delivery Hero SE,No office location,https://stackoverflow.com//jobs/545030/engineering-manager-python-quick-commerce-delivery-hero-se?a=2WMJZtLVxuO4&so=i&pg=1&offset=16&total=237&so_medium=Internal&so_source=JobSearch&q=python+pg%3d3
Software Engineering Manager (Python / GCP) (Global Service Tech) (f/m/d),Delivery Hero SE,"Berlin, Germany",https://stackoverflow.com//jobs/540140/software-engineering-manager-python-gcp-delivery-hero-se?a=2V94aqT1ItlC&so=i&pg=1&offset=17&total=237&so_medium=Internal&so_source=JobSearch&q=python+pg%3d3
Python/Perl Developer,BookTrolls,"Houston, TX",https://stackoverflow.com//jobs/521797/python-perl-developer-booktrolls?a=2OZEYrPVSSkg&so=i&pg=1&offset=18&total=237&so_medium=Internal&so_source=JobSearch&q=python+pg%3d3
"Full Stack Data Lead (AWS, Python)",Modus Create,No office location,https://stackoverflow.com//jobs/539789/full-stack-data-lead-aws-python-modus-create?a=2V1LvMeLRUJO&so=i&pg=1&offset=19&total=237&so_medium=Internal&so_source=JobSearch&q=python+pg%3d3
Ruby / Elixir / Python / Go Developer,Scripbox,"Bengaluru, India",https://stackoverflow.com//jobs/463464/ruby-elixir-python-go-developer-scripbox?a=2vqKuX26D49q&so=i&pg=1&offset=20&total=237&so_medium=Internal&so_source=JobSearch&q=python+pg%3d3
Senior Software Engineer - Web Services (Remote),Canonical,No office location,https://stackoverflow.com//jobs/548614/senior-software-engineer-web-services-remote-canonical?a=2XZgkMH8Xfiw&so=i&pg=1&offset=21&total=237&so_medium=Internal&so_source=JobSearch&q=python+pg%3d3
Senior Full-stack Engineer,"ApolloFactor, Inc",No office location,https://stackoverflow.com//jobs/521213/senior-full-stack-engineer-apollofactor-inc?a=2ONw6BlzDc0U&so=i&pg=1&offset=22&total=237&so_medium=Internal&so_source=JobSearch&q=python+pg%3d3
Senior Software Engineer (f/m/d) for something meaningful,Plantix,No office location,https://stackoverflow.com//jobs/434316/senior-software-engineer-f-m-d-for-something-plantix?a=2lEGgRht5sUU&so=i&pg=1&offset=23&total=237&so_medium=Internal&so_source=JobSearch&q=python+pg%3d3
"Software Engineer, Backend",SmartNews,"Shibuya City, Japan",https://stackoverflow.com//jobs/208334/software-engineer-backend-smartnews?a=17RRwlZff9bq&so=i&pg=1&offset=24&total=237&so_medium=Internal&so_source=JobSearch&q=python+pg%3d3
Senior Software Engineer (f/m/d) for something meaningful,Plantix,No office location,https://stackoverflow.com//jobs/434316/senior-software-engineer-f-m-d-for-something-plantix?a=2lEGgRht5sWY&so=i&pg=1&offset=0&total=237&so_medium=Internal&so_source=JobSearch&q=python+pg%3d4
Senior Software Engineer (f/m/d) for something meaningful,Plantix,No office location,https://stackoverflow.com//jobs/434316/senior-software-engineer-f-m-d-for-something-plantix?a=2lEGgRht5sWY&so=i&pg=1&offset=0&total=237&so_medium=Internal&so_source=JobSearch&q=python+pg%3d4
Python Engineer (f/m/x),AUTO1,"Berlin, Germany",https://stackoverflow.com//jobs/529846/python-engineer-f-m-x-auto1?a=2RH1pt2AXKGQ&so=i&pg=1&offset=1&total=237&so_medium=Internal&so_source=JobSearch&q=python+pg%3d4
Backend Software Engineer: Python/ Java (m/f/d),creditshelf,"Frankfurt am Main, Deutschland",https://stackoverflow.com//jobs/219940/backend-software-engineer-python-java-m-f-d-creditshelf?a=1bLbuCWAEaiY&so=i&pg=1&offset=2&total=237&so_medium=Internal&so_source=JobSearch&q=python+pg%3d4
Back-end developer (Python),Nolk,"Montreal, QC, Canada",https://stackoverflow.com//jobs/547896/back-end-developer-python-nolk?a=2XKkIBSECGTS&so=i&pg=1&offset=3&total=237&so_medium=Internal&so_source=JobSearch&q=python+pg%3d4
Python Developer (Remote),X-Team,No office location,https://stackoverflow.com//jobs/534454/python-developer-remote-x-team?a=2TePQRn14hTq&so=i&pg=1&offset=4&total=237&so_medium=Internal&so_source=JobSearch&q=python+pg%3d4
"Senior Python Engineer, Backend (Remote)",AssemblyAI,"San Francisco, CA",https://stackoverflow.com//jobs/540026/senior-python-engineer-backend-remote-assemblyai?a=2V6H2FClrmQo&so=i&pg=1&offset=5&total=237&so_medium=Internal&so_source=JobSearch&q=python+pg%3d4
(Senior) Backend Python Developer (m/f/x),Alasco,"München, Germany",https://stackoverflow.com//jobs/388312/senior-backend-python-developer-m-f-x-alasco?a=26e7FsqQLr6o&so=i&pg=1&offset=6&total=237&so_medium=Internal&so_source=JobSearch&q=python+pg%3d4
C++ and Python software engineers - Metrology,ASML,"Veldhoven, Netherlands",https://stackoverflow.com//jobs/523429/c-plus-plus-and-python-software-engineers-metrology-asml?a=2PxB2DLJt5pm&so=i&pg=1&offset=7&total=237&so_medium=Internal&so_source=JobSearch&q=python+pg%3d4
(Senior / Mid-Level) Software Engineer (Python) - Global Service Tech (f/m/d),Delivery Hero SE,"Berlin, Germany",https://stackoverflow.com//jobs/543914/senior-mid-level-software-engineer-python-delivery-hero-se?a=2Wpxi25ct0u4&so=i&pg=1&offset=8&total=237&so_medium=Internal&so_source=JobSearch&q=python+pg%3d4
(Senior) Software Engineer (Python) - Vendor Tech (f/m/d),Delivery Hero SE,"Berlin, Germany",https://stackoverflow.com//jobs/540103/senior-software-engineer-python-vendor-tech-delivery-hero-se?a=2V8ij71NdvIk&so=i&pg=1&offset=9&total=237&so_medium=Internal&so_source=JobSearch&q=python+pg%3d4
"Senior Software Engineer, Integration QA, Python",Canonical,No office location,https://stackoverflow.com//jobs/519661/senior-software-engineer-integration-qa-python-canonical?a=2OhfkCQ9ChCE&so=i&pg=1&offset=10&total=237&so_medium=Internal&so_source=JobSearch&q=python+pg%3d4
"(Senior) Software Engineer with Python - Quick Commerce, remote team (f/m/d)",Delivery Hero SE,No office location,https://stackoverflow.com//jobs/545025/senior-software-engineer-with-python-quick-delivery-hero-se?a=2WMDxQ9eFDTq&so=i&pg=1&offset=11&total=237&so_medium=Internal&so_source=JobSearch&q=python+pg%3d4
Software Engineer - Python and React,SureSwift Capital,No office location,https://stackoverflow.com//jobs/544565/software-engineer-python-and-react-sureswift-capital?a=2WD4x2JCL7Q4&so=i&pg=1&offset=12&total=237&so_medium=Internal&so_source=JobSearch&q=python+pg%3d4
"Engineering Manager (Python) - Quick Commerce, remote team (f/m/d)",Delivery Hero SE,No office location,https://stackoverflow.com//jobs/545030/engineering-manager-python-quick-commerce-delivery-hero-se?a=2WMJZtLVxuO4&so=i&pg=1&offset=13&total=237&so_medium=Internal&so_source=JobSearch&q=python+pg%3d4
"Senior Open Source Developer & DevOps (Python, Django, AWS, OpenStack)",OpenCraft,No office location,https://stackoverflow.com//jobs/453430/senior-open-source-developer-devops-python-opencraft?a=2s475d4WIn4I&so=i&pg=1&offset=14&total=237&so_medium=Internal&so_source=JobSearch&q=python+pg%3d4
"Full Stack Data Lead (AWS, Python)",Modus Create,No office location,https://stackoverflow.com//jobs/539789/full-stack-data-lead-aws-python-modus-create?a=2V1LvMeLRUJO&so=i&pg=1&offset=15&total=237&so_medium=Internal&so_source=JobSearch&q=python+pg%3d4
Ruby / Elixir / Python / Go Developer,Scripbox,"Bengaluru, India",https://stackoverflow.com//jobs/463464/ruby-elixir-python-go-developer-scripbox?a=2vqKuX26D49q&so=i&pg=1&offset=16&total=237&so_medium=Internal&so_source=JobSearch&q=python+pg%3d4
Python/Perl Developer,BookTrolls,"Houston, TX",https://stackoverflow.com//jobs/521797/python-perl-developer-booktrolls?a=2OZEYrPVSSkg&so=i&pg=1&offset=17&total=237&so_medium=Internal&so_source=JobSearch&q=python+pg%3d4
Software Engineer - Python - Optimise Ubuntu for Public Clouds,Canonical,No office location,https://stackoverflow.com//jobs/532909/software-engineer-python-optimise-ubuntu-for-canonical?a=2SII6nxmFzA4&so=i&pg=1&offset=18&total=237&so_medium=Internal&so_source=JobSearch&q=python+pg%3d4
Business/Data Analyst (Python/Jupyter/Pandas/Numpy),Hummingbot,No office location,https://stackoverflow.com//jobs/534273/business-data-analyst-python-jupyter-pandas-hummingbot?a=2Tb4vVnAqoq4&so=i&pg=1&offset=19&total=237&so_medium=Internal&so_source=JobSearch&q=python+pg%3d4
Software Engineering Manager (Python / GCP) (Global Service Tech) (f/m/d),Delivery Hero SE,"Berlin, Germany",https://stackoverflow.com//jobs/540140/software-engineering-manager-python-gcp-delivery-hero-se?a=2V94aqT1ItlC&so=i&pg=1&offset=20&total=237&so_medium=Internal&so_source=JobSearch&q=python+pg%3d4
C++ developer in Berlin. 120 000 euro per year,think-cell,"Berlin, Germany",https://stackoverflow.com//jobs/36832/c-plus-plus-developer-in-berlin-120-000-euro-per-year-think-cell?a=clQrrht3gwE&so=i&pg=1&offset=21&total=237&so_medium=Internal&so_source=JobSearch&q=python+pg%3d4
Senior Software Engineer - Web Services (Remote),Canonical,No office location,https://stackoverflow.com//jobs/548614/senior-software-engineer-web-services-remote-canonical?a=2XZgkMH8Xfiw&so=i&pg=1&offset=22&total=237&so_medium=Internal&so_source=JobSearch&q=python+pg%3d4
"Software Engineer, Backend",SmartNews,"Shibuya City, Japan",https://stackoverflow.com//jobs/208334/software-engineer-backend-smartnews?a=17RRwlZff9bq&so=i&pg=1&offset=23&total=237&so_medium=Internal&so_source=JobSearch&q=python+pg%3d4
Backend Engineer,Tessian,"London, UK",https://stackoverflow.com//jobs/547936/backend-engineer-tessian?a=2XLarIjvfahy&so=i&pg=1&offset=24&total=237&so_medium=Internal&so_source=JobSearch&q=python+pg%3d4
Software Engineering Manager (Python / GCP) (Global Service Tech) (f/m/d),Delivery Hero SE,"Berlin, Germany",https://stackoverflow.com//jobs/540140/software-engineering-manager-python-gcp-delivery-hero-se?a=2V94aqT1ItnG&so=i&pg=1&offset=0&total=237&so_medium=Internal&so_source=JobSearch&q=python+pg%3d5
Software Engineering Manager (Python / GCP) (Global Service Tech) (f/m/d),Delivery Hero SE,"Berlin, Germany",https://stackoverflow.com//jobs/540140/software-engineering-manager-python-gcp-delivery-hero-se?a=2V94aqT1ItnG&so=i&pg=1&offset=0&total=237&so_medium=Internal&so_source=JobSearch&q=python+pg%3d5
"Senior Software Engineer, Automation and Cloud",UKG (Ultimate Kronos Group),No office location,https://stackoverflow.com//jobs/536558/senior-software-engineer-automation-and-cloud-ukg-ultimate-kronos-group?a=2TWAeZzznpWU&so=i&pg=1&offset=1&total=237&so_medium=Internal&so_source=JobSearch&q=python+pg%3d5
Python Engineer (f/m/x),AUTO1,"Berlin, Germany",https://stackoverflow.com//jobs/529846/python-engineer-f-m-x-auto1?a=2RH1pt2AXKGQ&so=i&pg=1&offset=2&total=237&so_medium=Internal&so_source=JobSearch&q=python+pg%3d5
Backend Software Engineer: Python/ Java (m/f/d),creditshelf,"Frankfurt am Main, Deutschland",https://stackoverflow.com//jobs/219940/backend-software-engineer-python-java-m-f-d-creditshelf?a=1bLbuCWAEaiY&so=i&pg=1&offset=3&total=237&so_medium=Internal&so_source=JobSearch&q=python+pg%3d5
Back-end developer (Python),Nolk,"Montreal, QC, Canada",https://stackoverflow.com//jobs/547896/back-end-developer-python-nolk?a=2XKkIBSECGTS&so=i&pg=1&offset=4&total=237&so_medium=Internal&so_source=JobSearch&q=python+pg%3d5
Python Developer (Remote),X-Team,No office location,https://stackoverflow.com//jobs/534454/python-developer-remote-x-team?a=2TePQRn14hTq&so=i&pg=1&offset=5&total=237&so_medium=Internal&so_source=JobSearch&q=python+pg%3d5
"Senior Python Engineer, Backend (Remote)",AssemblyAI,"San Francisco, CA",https://stackoverflow.com//jobs/540026/senior-python-engineer-backend-remote-assemblyai?a=2V6H2FClrmQo&so=i&pg=1&offset=6&total=237&so_medium=Internal&so_source=JobSearch&q=python+pg%3d5
(Senior) Backend Python Developer (m/f/x),Alasco,"München, Germany",https://stackoverflow.com//jobs/388312/senior-backend-python-developer-m-f-x-alasco?a=26e7FsqQLr6o&so=i&pg=1&offset=7&total=237&so_medium=Internal&so_source=JobSearch&q=python+pg%3d5
C++ and Python software engineers - Metrology,ASML,"Veldhoven, Netherlands",https://stackoverflow.com//jobs/523429/c-plus-plus-and-python-software-engineers-metrology-asml?a=2PxB2DLJt5pm&so=i&pg=1&offset=8&total=237&so_medium=Internal&so_source=JobSearch&q=python+pg%3d5
(Senior) Software Engineer (Python) - Vendor Tech (f/m/d),Delivery Hero SE,"Berlin, Germany",https://stackoverflow.com//jobs/540103/senior-software-engineer-python-vendor-tech-delivery-hero-se?a=2V8ij71NdvIk&so=i&pg=1&offset=9&total=237&so_medium=Internal&so_source=JobSearch&q=python+pg%3d5
(Senior / Mid-Level) Software Engineer (Python) - Global Service Tech (f/m/d),Delivery Hero SE,"Berlin, Germany",https://stackoverflow.com//jobs/543914/senior-mid-level-software-engineer-python-delivery-hero-se?a=2Wpxi25ct0u4&so=i&pg=1&offset=10&total=237&so_medium=Internal&so_source=JobSearch&q=python+pg%3d5
"(Senior) Software Engineer with Python - Quick Commerce, remote team (f/m/d)",Delivery Hero SE,No office location,https://stackoverflow.com//jobs/545025/senior-software-engineer-with-python-quick-delivery-hero-se?a=2WMDxQ9eFDTq&so=i&pg=1&offset=11&total=237&so_medium=Internal&so_source=JobSearch&q=python+pg%3d5
"Senior Open Source Developer & DevOps (Python, Django, AWS, OpenStack)",OpenCraft,No office location,https://stackoverflow.com//jobs/453430/senior-open-source-developer-devops-python-opencraft?a=2s475d4WIn4I&so=i&pg=1&offset=12&total=237&so_medium=Internal&so_source=JobSearch&q=python+pg%3d5
"Senior Software Engineer, Integration QA, Python",Canonical,No office location,https://stackoverflow.com//jobs/519661/senior-software-engineer-integration-qa-python-canonical?a=2OhfkCQ9ChCE&so=i&pg=1&offset=13&total=237&so_medium=Internal&so_source=JobSearch&q=python+pg%3d5
Software Engineer - Python and React,SureSwift Capital,No office location,https://stackoverflow.com//jobs/544565/software-engineer-python-and-react-sureswift-capital?a=2WD4x2JCL7Q4&so=i&pg=1&offset=14&total=237&so_medium=Internal&so_source=JobSearch&q=python+pg%3d5
"Engineering Manager (Python) - Quick Commerce, remote team (f/m/d)",Delivery Hero SE,No office location,https://stackoverflow.com//jobs/545030/engineering-manager-python-quick-commerce-delivery-hero-se?a=2WMJZtLVxuO4&so=i&pg=1&offset=15&total=237&so_medium=Internal&so_source=JobSearch&q=python+pg%3d5
Software Engineer - Python - Optimise Ubuntu for Public Clouds,Canonical,No office location,https://stackoverflow.com//jobs/532909/software-engineer-python-optimise-ubuntu-for-canonical?a=2SII6nxmFzA4&so=i&pg=1&offset=16&total=237&so_medium=Internal&so_source=JobSearch&q=python+pg%3d5
Python/Perl Developer,BookTrolls,"Houston, TX",https://stackoverflow.com//jobs/521797/python-perl-developer-booktrolls?a=2OZEYrPVSSkg&so=i&pg=1&offset=17&total=237&so_medium=Internal&so_source=JobSearch&q=python+pg%3d5
Business/Data Analyst (Python/Jupyter/Pandas/Numpy),Hummingbot,No office location,https://stackoverflow.com//jobs/534273/business-data-analyst-python-jupyter-pandas-hummingbot?a=2Tb4vVnAqoq4&so=i&pg=1&offset=18&total=237&so_medium=Internal&so_source=JobSearch&q=python+pg%3d5
"Full Stack Data Lead (AWS, Python)",Modus Create,No office location,https://stackoverflow.com//jobs/539789/full-stack-data-lead-aws-python-modus-create?a=2V1LvMeLRUJO&so=i&pg=1&offset=19&total=237&so_medium=Internal&so_source=JobSearch&q=python+pg%3d5
Ruby / Elixir / Python / Go Developer,Scripbox,"Bengaluru, India",https://stackoverflow.com//jobs/463464/ruby-elixir-python-go-developer-scripbox?a=2vqKuX26D49q&so=i&pg=1&offset=20&total=237&so_medium=Internal&so_source=JobSearch&q=python+pg%3d5
C++ developer in Berlin. 120 000 euro per year,think-cell,"Berlin, Germany",https://stackoverflow.com//jobs/36832/c-plus-plus-developer-in-berlin-120-000-euro-per-year-think-cell?a=clQrrht3gwE&so=i&pg=1&offset=21&total=237&so_medium=Internal&so_source=JobSearch&q=python+pg%3d5
Senior Software Engineer - Web Services (Remote),Canonical,No office location,https://stackoverflow.com//jobs/548614/senior-software-engineer-web-services-remote-canonical?a=2XZgkMH8Xfiw&so=i&pg=1&offset=22&total=237&so_medium=Internal&so_source=JobSearch&q=python+pg%3d5
Senior Full-stack Engineer,"ApolloFactor, Inc",No office location,https://stackoverflow.com//jobs/521213/senior-full-stack-engineer-apollofactor-inc?a=2ONw6BlzDc0U&so=i&pg=1&offset=23&total=237&so_medium=Internal&so_source=JobSearch&q=python+pg%3d5
Senior Software Engineer (f/m/d) for something meaningful,Plantix,No office location,https://stackoverflow.com//jobs/434316/senior-software-engineer-f-m-d-for-something-plantix?a=2lEGgRht5sUU&so=i&pg=1&offset=24&total=237&so_medium=Internal&so_source=JobSearch&q=python+pg%3d5
Senior Software Engineer (f/m/d) for something meaningful,Plantix,No office location,https://stackoverflow.com//jobs/434316/senior-software-engineer-f-m-d-for-something-plantix?a=2lEGgRht5sWY&so=i&pg=1&offset=0&total=237&so_medium=Internal&so_source=JobSearch&q=python+pg%3d6
Senior Software Engineer (f/m/d) for something meaningful,Plantix,No office location,https://stackoverflow.com//jobs/434316/senior-software-engineer-f-m-d-for-something-plantix?a=2lEGgRht5sWY&so=i&pg=1&offset=0&total=237&so_medium=Internal&so_source=JobSearch&q=python+pg%3d6
Python Engineer (f/m/x),AUTO1,"Berlin, Germany",https://stackoverflow.com//jobs/529846/python-engineer-f-m-x-auto1?a=2RH1pt2AXKGQ&so=i&pg=1&offset=1&total=237&so_medium=Internal&so_source=JobSearch&q=python+pg%3d6
Backend Software Engineer: Python/ Java (m/f/d),creditshelf,"Frankfurt am Main, Deutschland",https://stackoverflow.com//jobs/219940/backend-software-engineer-python-java-m-f-d-creditshelf?a=1bLbuCWAEaiY&so=i&pg=1&offset=2&total=237&so_medium=Internal&so_source=JobSearch&q=python+pg%3d6
Back-end developer (Python),Nolk,"Montreal, QC, Canada",https://stackoverflow.com//jobs/547896/back-end-developer-python-nolk?a=2XKkIBSECGTS&so=i&pg=1&offset=3&total=237&so_medium=Internal&so_source=JobSearch&q=python+pg%3d6
Python Developer (Remote),X-Team,No office location,https://stackoverflow.com//jobs/534454/python-developer-remote-x-team?a=2TePQRn14hTq&so=i&pg=1&offset=4&total=237&so_medium=Internal&so_source=JobSearch&q=python+pg%3d6
"Senior Python Engineer, Backend (Remote)",AssemblyAI,"San Francisco, CA",https://stackoverflow.com//jobs/540026/senior-python-engineer-backend-remote-assemblyai?a=2V6H2FClrmQo&so=i&pg=1&offset=5&total=237&so_medium=Internal&so_source=JobSearch&q=python+pg%3d6
(Senior) Backend Python Developer (m/f/x),Alasco,"München, Germany",https://stackoverflow.com//jobs/388312/senior-backend-python-developer-m-f-x-alasco?a=26e7FsqQLr6o&so=i&pg=1&offset=6&total=237&so_medium=Internal&so_source=JobSearch&q=python+pg%3d6
C++ and Python software engineers - Metrology,ASML,"Veldhoven, Netherlands",https://stackoverflow.com//jobs/523429/c-plus-plus-and-python-software-engineers-metrology-asml?a=2PxB2DLJt5pm&so=i&pg=1&offset=7&total=237&so_medium=Internal&so_source=JobSearch&q=python+pg%3d6
(Senior / Mid-Level) Software Engineer (Python) - Global Service Tech (f/m/d),Delivery Hero SE,"Berlin, Germany",https://stackoverflow.com//jobs/543914/senior-mid-level-software-engineer-python-delivery-hero-se?a=2Wpxi25ct0u4&so=i&pg=1&offset=8&total=237&so_medium=Internal&so_source=JobSearch&q=python+pg%3d6
(Senior) Software Engineer (Python) - Vendor Tech (f/m/d),Delivery Hero SE,"Berlin, Germany",https://stackoverflow.com//jobs/540103/senior-software-engineer-python-vendor-tech-delivery-hero-se?a=2V8ij71NdvIk&so=i&pg=1&offset=9&total=237&so_medium=Internal&so_source=JobSearch&q=python+pg%3d6
"Senior Software Engineer, Integration QA, Python",Canonical,No office location,https://stackoverflow.com//jobs/519661/senior-software-engineer-integration-qa-python-canonical?a=2OhfkCQ9ChCE&so=i&pg=1&offset=10&total=237&so_medium=Internal&so_source=JobSearch&q=python+pg%3d6
"(Senior) Software Engineer with Python - Quick Commerce, remote team (f/m/d)",Delivery Hero SE,No office location,https://stackoverflow.com//jobs/545025/senior-software-engineer-with-python-quick-delivery-hero-se?a=2WMDxQ9eFDTq&so=i&pg=1&offset=11&total=237&so_medium=Internal&so_source=JobSearch&q=python+pg%3d6
Software Engineer - Python and React,SureSwift Capital,No office location,https://stackoverflow.com//jobs/544565/software-engineer-python-and-react-sureswift-capital?a=2WD4x2JCL7Q4&so=i&pg=1&offset=12&total=237&so_medium=Internal&so_source=JobSearch&q=python+pg%3d6
"Engineering Manager (Python) - Quick Commerce, remote team (f/m/d)",Delivery Hero SE,No office location,https://stackoverflow.com//jobs/545030/engineering-manager-python-quick-commerce-delivery-hero-se?a=2WMJZtLVxuO4&so=i&pg=1&offset=13&total=237&so_medium=Internal&so_source=JobSearch&q=python+pg%3d6
"Senior Open Source Developer & DevOps (Python, Django, AWS, OpenStack)",OpenCraft,No office location,https://stackoverflow.com//jobs/453430/senior-open-source-developer-devops-python-opencraft?a=2s475d4WIn4I&so=i&pg=1&offset=14&total=237&so_medium=Internal&so_source=JobSearch&q=python+pg%3d6
"Full Stack Data Lead (AWS, Python)",Modus Create,No office location,https://stackoverflow.com//jobs/539789/full-stack-data-lead-aws-python-modus-create?a=2V1LvMeLRUJO&so=i&pg=1&offset=15&total=237&so_medium=Internal&so_source=JobSearch&q=python+pg%3d6
Ruby / Elixir / Python / Go Developer,Scripbox,"Bengaluru, India",https://stackoverflow.com//jobs/463464/ruby-elixir-python-go-developer-scripbox?a=2vqKuX26D49q&so=i&pg=1&offset=16&total=237&so_medium=Internal&so_source=JobSearch&q=python+pg%3d6
Python/Perl Developer,BookTrolls,"Houston, TX",https://stackoverflow.com//jobs/521797/python-perl-developer-booktrolls?a=2OZEYrPVSSkg&so=i&pg=1&offset=17&total=237&so_medium=Internal&so_source=JobSearch&q=python+pg%3d6
Software Engineer - Python - Optimise Ubuntu for Public Clouds,Canonical,No office location,https://stackoverflow.com//jobs/532909/software-engineer-python-optimise-ubuntu-for-canonical?a=2SII6nxmFzA4&so=i&pg=1&offset=18&total=237&so_medium=Internal&so_source=JobSearch&q=python+pg%3d6
Business/Data Analyst (Python/Jupyter/Pandas/Numpy),Hummingbot,No office location,https://stackoverflow.com//jobs/534273/business-data-analyst-python-jupyter-pandas-hummingbot?a=2Tb4vVnAqoq4&so=i&pg=1&offset=19&total=237&so_medium=Internal&so_source=JobSearch&q=python+pg%3d6
Software Engineering Manager (Python / GCP) (Global Service Tech) (f/m/d),Delivery Hero SE,"Berlin, Germany",https://stackoverflow.com//jobs/540140/software-engineering-manager-python-gcp-delivery-hero-se?a=2V94aqT1ItlC&so=i&pg=1&offset=20&total=237&so_medium=Internal&so_source=JobSearch&q=python+pg%3d6
C++ developer in Berlin. 120 000 euro per year,think-cell,"Berlin, Germany",https://stackoverflow.com//jobs/36832/c-plus-plus-developer-in-berlin-120-000-euro-per-year-think-cell?a=clQrrht3gwE&so=i&pg=1&offset=21&total=237&so_medium=Internal&so_source=JobSearch&q=python+pg%3d6
Senior Software Engineer - Web Services (Remote),Canonical,No office location,https://stackoverflow.com//jobs/548614/senior-software-engineer-web-services-remote-canonical?a=2XZgkMH8Xfiw&so=i&pg=1&offset=22&total=237&so_medium=Internal&so_source=JobSearch&q=python+pg%3d6
"Software Engineer, Backend",SmartNews,"Shibuya City, Japan",https://stackoverflow.com//jobs/208334/software-engineer-backend-smartnews?a=17RRwlZff9bq&so=i&pg=1&offset=23&total=237&so_medium=Internal&so_source=JobSearch&q=python+pg%3d6
Backend Engineer,Tessian,"London, UK",https://stackoverflow.com//jobs/547936/backend-engineer-tessian?a=2XLarIjvfahy&so=i&pg=1&offset=24&total=237&so_medium=Internal&so_source=JobSearch&q=python+pg%3d6
Senior Software Engineer (f/m/d) for something meaningful,Plantix,No office location,https://stackoverflow.com//jobs/434316/senior-software-engineer-f-m-d-for-something-plantix?a=2lEGgRht5sWY&so=i&pg=1&offset=0&total=237&so_medium=Internal&so_source=JobSearch&q=python+pg%3d7
Senior Software Engineer (f/m/d) for something meaningful,Plantix,No office location,https://stackoverflow.com//jobs/434316/senior-software-engineer-f-m-d-for-something-plantix?a=2lEGgRht5sWY&so=i&pg=1&offset=0&total=237&so_medium=Internal&so_source=JobSearch&q=python+pg%3d7
Python Engineer (f/m/x),AUTO1,"Berlin, Germany",https://stackoverflow.com//jobs/529846/python-engineer-f-m-x-auto1?a=2RH1pt2AXKGQ&so=i&pg=1&offset=1&total=237&so_medium=Internal&so_source=JobSearch&q=python+pg%3d7
Backend Software Engineer: Python/ Java (m/f/d),creditshelf,"Frankfurt am Main, Deutschland",https://stackoverflow.com//jobs/219940/backend-software-engineer-python-java-m-f-d-creditshelf?a=1bLbuCWAEaiY&so=i&pg=1&offset=2&total=237&so_medium=Internal&so_source=JobSearch&q=python+pg%3d7
Python Developer (Remote),X-Team,No office location,https://stackoverflow.com//jobs/534454/python-developer-remote-x-team?a=2TePQRn14hTq&so=i&pg=1&offset=3&total=237&so_medium=Internal&so_source=JobSearch&q=python+pg%3d7
Back-end developer (Python),Nolk,"Montreal, QC, Canada",https://stackoverflow.com//jobs/547896/back-end-developer-python-nolk?a=2XKkIBSECGTS&so=i&pg=1&offset=4&total=237&so_medium=Internal&so_source=JobSearch&q=python+pg%3d7
"Senior Python Engineer, Backend (Remote)",AssemblyAI,"San Francisco, CA",https://stackoverflow.com//jobs/540026/senior-python-engineer-backend-remote-assemblyai?a=2V6H2FClrmQo&so=i&pg=1&offset=5&total=237&so_medium=Internal&so_source=JobSearch&q=python+pg%3d7
(Senior) Backend Python Developer (m/f/x),Alasco,"München, Germany",https://stackoverflow.com//jobs/388312/senior-backend-python-developer-m-f-x-alasco?a=26e7FsqQLr6o&so=i&pg=1&offset=6&total=237&so_medium=Internal&so_source=JobSearch&q=python+pg%3d7
C++ and Python software engineers - Metrology,ASML,"Veldhoven, Netherlands",https://stackoverflow.com//jobs/523429/c-plus-plus-and-python-software-engineers-metrology-asml?a=2PxB2DLJt5pm&so=i&pg=1&offset=7&total=237&so_medium=Internal&so_source=JobSearch&q=python+pg%3d7
(Senior) Software Engineer (Python) - Vendor Tech (f/m/d),Delivery Hero SE,"Berlin, Germany",https://stackoverflow.com//jobs/540103/senior-software-engineer-python-vendor-tech-delivery-hero-se?a=2V8ij71NdvIk&so=i&pg=1&offset=8&total=237&so_medium=Internal&so_source=JobSearch&q=python+pg%3d7
"(Senior) Software Engineer with Python - Quick Commerce, remote team (f/m/d)",Delivery Hero SE,No office location,https://stackoverflow.com//jobs/545025/senior-software-engineer-with-python-quick-delivery-hero-se?a=2WMDxQ9eFDTq&so=i&pg=1&offset=9&total=237&so_medium=Internal&so_source=JobSearch&q=python+pg%3d7
(Senior / Mid-Level) Software Engineer (Python) - Global Service Tech (f/m/d),Delivery Hero SE,"Berlin, Germany",https://stackoverflow.com//jobs/543914/senior-mid-level-software-engineer-python-delivery-hero-se?a=2Wpxi25ct0u4&so=i&pg=1&offset=10&total=237&so_medium=Internal&so_source=JobSearch&q=python+pg%3d7
Software Engineer - Python and React,SureSwift Capital,No office location,https://stackoverflow.com//jobs/544565/software-engineer-python-and-react-sureswift-capital?a=2WD4x2JCL7Q4&so=i&pg=1&offset=11&total=237&so_medium=Internal&so_source=JobSearch&q=python+pg%3d7
"Engineering Manager (Python) - Quick Commerce, remote team (f/m/d)",Delivery Hero SE,No office location,https://stackoverflow.com//jobs/545030/engineering-manager-python-quick-commerce-delivery-hero-se?a=2WMJZtLVxuO4&so=i&pg=1&offset=12&total=237&so_medium=Internal&so_source=JobSearch&q=python+pg%3d7
"Senior Software Engineer, Integration QA, Python",Canonical,No office location,https://stackoverflow.com//jobs/519661/senior-software-engineer-integration-qa-python-canonical?a=2OhfkCQ9ChCE&so=i&pg=1&offset=13&total=237&so_medium=Internal&so_source=JobSearch&q=python+pg%3d7
Python/Perl Developer,BookTrolls,"Houston, TX",https://stackoverflow.com//jobs/521797/python-perl-developer-booktrolls?a=2OZEYrPVSSkg&so=i&pg=1&offset=14&total=237&so_medium=Internal&so_source=JobSearch&q=python+pg%3d7
"Senior Open Source Developer & DevOps (Python, Django, AWS, OpenStack)",OpenCraft,No office location,https://stackoverflow.com//jobs/453430/senior-open-source-developer-devops-python-opencraft?a=2s475d4WIn4I&so=i&pg=1&offset=15&total=237&so_medium=Internal&so_source=JobSearch&q=python+pg%3d7
"Full Stack Data Lead (AWS, Python)",Modus Create,No office location,https://stackoverflow.com//jobs/539789/full-stack-data-lead-aws-python-modus-create?a=2V1LvMeLRUJO&so=i&pg=1&offset=16&total=237&so_medium=Internal&so_source=JobSearch&q=python+pg%3d7
Ruby / Elixir / Python / Go Developer,Scripbox,"Bengaluru, India",https://stackoverflow.com//jobs/463464/ruby-elixir-python-go-developer-scripbox?a=2vqKuX26D49q&so=i&pg=1&offset=17&total=237&so_medium=Internal&so_source=JobSearch&q=python+pg%3d7
Software Engineer - Python - Optimise Ubuntu for Public Clouds,Canonical,No office location,https://stackoverflow.com//jobs/532909/software-engineer-python-optimise-ubuntu-for-canonical?a=2SII6nxmFzA4&so=i&pg=1&offset=18&total=237&so_medium=Internal&so_source=JobSearch&q=python+pg%3d7
Business/Data Analyst (Python/Jupyter/Pandas/Numpy),Hummingbot,No office location,https://stackoverflow.com//jobs/534273/business-data-analyst-python-jupyter-pandas-hummingbot?a=2Tb4vVnAqoq4&so=i&pg=1&offset=19&total=237&so_medium=Internal&so_source=JobSearch&q=python+pg%3d7
Software Engineering Manager (Python / GCP) (Global Service Tech) (f/m/d),Delivery Hero SE,"Berlin, Germany",https://stackoverflow.com//jobs/540140/software-engineering-manager-python-gcp-delivery-hero-se?a=2V94aqT1ItlC&so=i&pg=1&offset=20&total=237&so_medium=Internal&so_source=JobSearch&q=python+pg%3d7
C++ developer in Berlin. 120 000 euro per year,think-cell,"Berlin, Germany",https://stackoverflow.com//jobs/36832/c-plus-plus-developer-in-berlin-120-000-euro-per-year-think-cell?a=clQrrht3gwE&so=i&pg=1&offset=21&total=237&so_medium=Internal&so_source=JobSearch&q=python+pg%3d7
Senior Software Engineer - Web Services (Remote),Canonical,No office location,https://stackoverflow.com//jobs/548614/senior-software-engineer-web-services-remote-canonical?a=2XZgkMH8Xfiw&so=i&pg=1&offset=22&total=237&so_medium=Internal&so_source=JobSearch&q=python+pg%3d7
"Software Engineer, Backend",SmartNews,"Shibuya City, Japan",https://stackoverflow.com//jobs/208334/software-engineer-backend-smartnews?a=17RRwlZff9bq&so=i&pg=1&offset=23&total=237&so_medium=Internal&so_source=JobSearch&q=python+pg%3d7
Backend Engineer,Tessian,"London, UK",https://stackoverflow.com//jobs/547936/backend-engineer-tessian?a=2XLarIjvfahy&so=i&pg=1&offset=24&total=237&so_medium=Internal&so_source=JobSearch&q=python+pg%3d7
Software Engineering Manager (Python / GCP) (Global Service Tech) (f/m/d),Delivery Hero SE,"Berlin, Germany",https://stackoverflow.com//jobs/540140/software-engineering-manager-python-gcp-delivery-hero-se?a=2V94aqT1ItnG&so=i&pg=1&offset=0&total=237&so_medium=Internal&so_source=JobSearch&q=python+pg%3d8
Software Engineering Manager (Python / GCP) (Global Service Tech) (f/m/d),Delivery Hero SE,"Berlin, Germany",https://stackoverflow.com//jobs/540140/software-engineering-manager-python-gcp-delivery-hero-se?a=2V94aqT1ItnG&so=i&pg=1&offset=0&total=237&so_medium=Internal&so_source=JobSearch&q=python+pg%3d8
Python Engineer (f/m/x),AUTO1,"Berlin, Germany",https://stackoverflow.com//jobs/529846/python-engineer-f-m-x-auto1?a=2RH1pt2AXKGQ&so=i&pg=1&offset=1&total=237&so_medium=Internal&so_source=JobSearch&q=python+pg%3d8
Backend Software Engineer: Python/ Java (m/f/d),creditshelf,"Frankfurt am Main, Deutschland",https://stackoverflow.com//jobs/219940/backend-software-engineer-python-java-m-f-d-creditshelf?a=1bLbuCWAEaiY&so=i&pg=1&offset=2&total=237&so_medium=Internal&so_source=JobSearch&q=python+pg%3d8
Python Developer (Remote),X-Team,No office location,https://stackoverflow.com//jobs/534454/python-developer-remote-x-team?a=2TePQRn14hTq&so=i&pg=1&offset=3&total=237&so_medium=Internal&so_source=JobSearch&q=python+pg%3d8
Back-end developer (Python),Nolk,"Montreal, QC, Canada",https://stackoverflow.com//jobs/547896/back-end-developer-python-nolk?a=2XKkIBSECGTS&so=i&pg=1&offset=4&total=237&so_medium=Internal&so_source=JobSearch&q=python+pg%3d8
"Senior Python Engineer, Backend (Remote)",AssemblyAI,"San Francisco, CA",https://stackoverflow.com//jobs/540026/senior-python-engineer-backend-remote-assemblyai?a=2V6H2FClrmQo&so=i&pg=1&offset=5&total=237&so_medium=Internal&so_source=JobSearch&q=python+pg%3d8
(Senior) Backend Python Developer (m/f/x),Alasco,"München, Germany",https://stackoverflow.com//jobs/388312/senior-backend-python-developer-m-f-x-alasco?a=26e7FsqQLr6o&so=i&pg=1&offset=6&total=237&so_medium=Internal&so_source=JobSearch&q=python+pg%3d8
C++ and Python software engineers - Metrology,ASML,"Veldhoven, Netherlands",https://stackoverflow.com//jobs/523429/c-plus-plus-and-python-software-engineers-metrology-asml?a=2PxB2DLJt5pm&so=i&pg=1&offset=7&total=237&so_medium=Internal&so_source=JobSearch&q=python+pg%3d8
(Senior) Software Engineer (Python) - Vendor Tech (f/m/d),Delivery Hero SE,"Berlin, Germany",https://stackoverflow.com//jobs/540103/senior-software-engineer-python-vendor-tech-delivery-hero-se?a=2V8ij71NdvIk&so=i&pg=1&offset=8&total=237&so_medium=Internal&so_source=JobSearch&q=python+pg%3d8
"(Senior) Software Engineer with Python - Quick Commerce, remote team (f/m/d)",Delivery Hero SE,No office location,https://stackoverflow.com//jobs/545025/senior-software-engineer-with-python-quick-delivery-hero-se?a=2WMDxQ9eFDTq&so=i&pg=1&offset=9&total=237&so_medium=Internal&so_source=JobSearch&q=python+pg%3d8
"Senior Open Source Developer & DevOps (Python, Django, AWS, OpenStack)",OpenCraft,No office location,https://stackoverflow.com//jobs/453430/senior-open-source-developer-devops-python-opencraft?a=2s475d4WIn4I&so=i&pg=1&offset=10&total=237&so_medium=Internal&so_source=JobSearch&q=python+pg%3d8
(Senior / Mid-Level) Software Engineer (Python) - Global Service Tech (f/m/d),Delivery Hero SE,"Berlin, Germany",https://stackoverflow.com//jobs/543914/senior-mid-level-software-engineer-python-delivery-hero-se?a=2Wpxi25ct0u4&so=i&pg=1&offset=11&total=237&so_medium=Internal&so_source=JobSearch&q=python+pg%3d8
Software Engineer - Python and React,SureSwift Capital,No office location,https://stackoverflow.com//jobs/544565/software-engineer-python-and-react-sureswift-capital?a=2WD4x2JCL7Q4&so=i&pg=1&offset=12&total=237&so_medium=Internal&so_source=JobSearch&q=python+pg%3d8
"Engineering Manager (Python) - Quick Commerce, remote team (f/m/d)",Delivery Hero SE,No office location,https://stackoverflow.com//jobs/545030/engineering-manager-python-quick-commerce-delivery-hero-se?a=2WMJZtLVxuO4&so=i&pg=1&offset=13&total=237&so_medium=Internal&so_source=JobSearch&q=python+pg%3d8
Software Engineer - Python - Optimise Ubuntu for Public Clouds,Canonical,No office location,https://stackoverflow.com//jobs/532909/software-engineer-python-optimise-ubuntu-for-canonical?a=2SII6nxmFzA4&so=i&pg=1&offset=14&total=237&so_medium=Internal&so_source=JobSearch&q=python+pg%3d8
"Senior Software Engineer, Integration QA, Python",Canonical,No office location,https://stackoverflow.com//jobs/519661/senior-software-engineer-integration-qa-python-canonical?a=2OhfkCQ9ChCE&so=i&pg=1&offset=15&total=237&so_medium=Internal&so_source=JobSearch&q=python+pg%3d8
Python/Perl Developer,BookTrolls,"Houston, TX",https://stackoverflow.com//jobs/521797/python-perl-developer-booktrolls?a=2OZEYrPVSSkg&so=i&pg=1&offset=16&total=237&so_medium=Internal&so_source=JobSearch&q=python+pg%3d8
Business/Data Analyst (Python/Jupyter/Pandas/Numpy),Hummingbot,No office location,https://stackoverflow.com//jobs/534273/business-data-analyst-python-jupyter-pandas-hummingbot?a=2Tb4vVnAqoq4&so=i&pg=1&offset=17&total=237&so_medium=Internal&so_source=JobSearch&q=python+pg%3d8
"Full Stack Data Lead (AWS, Python)",Modus Create,No office location,https://stackoverflow.com//jobs/539789/full-stack-data-lead-aws-python-modus-create?a=2V1LvMeLRUJO&so=i&pg=1&offset=18&total=237&so_medium=Internal&so_source=JobSearch&q=python+pg%3d8
Ruby / Elixir / Python / Go Developer,Scripbox,"Bengaluru, India",https://stackoverflow.com//jobs/463464/ruby-elixir-python-go-developer-scripbox?a=2vqKuX26D49q&so=i&pg=1&offset=19&total=237&so_medium=Internal&so_source=JobSearch&q=python+pg%3d8
C++ developer in Berlin. 120 000 euro per year,think-cell,"Berlin, Germany",https://stackoverflow.com//jobs/36832/c-plus-plus-developer-in-berlin-120-000-euro-per-year-think-cell?a=clQrrht3gwE&so=i&pg=1&offset=20&total=237&so_medium=Internal&so_source=JobSearch&q=python+pg%3d8
Senior Full-stack Engineer,"ApolloFactor, Inc",No office location,https://stackoverflow.com//jobs/521213/senior-full-stack-engineer-apollofactor-inc?a=2ONw6BlzDc0U&so=i&pg=1&offset=21&total=237&so_medium=Internal&so_source=JobSearch&q=python+pg%3d8
Senior Software Engineer - Web Services (Remote),Canonical,No office location,https://stackoverflow.com//jobs/548614/senior-software-engineer-web-services-remote-canonical?a=2XZgkMH8Xfiw&so=i&pg=1&offset=22&total=237&so_medium=Internal&so_source=JobSearch&q=python+pg%3d8
Senior Software Engineer (f/m/d) for something meaningful,Plantix,No office location,https://stackoverflow.com//jobs/434316/senior-software-engineer-f-m-d-for-something-plantix?a=2lEGgRht5sUU&so=i&pg=1&offset=23&total=237&so_medium=Internal&so_source=JobSearch&q=python+pg%3d8
"Software Engineer, Backend",SmartNews,"Shibuya City, Japan",https://stackoverflow.com//jobs/208334/software-engineer-backend-smartnews?a=17RRwlZff9bq&so=i&pg=1&offset=24&total=237&so_medium=Internal&so_source=JobSearch&q=python+pg%3d8
C++ and Python software engineers - Metrology,ASML,"Veldhoven, Netherlands",https://stackoverflow.com//jobs/523429/c-plus-plus-and-python-software-engineers-metrology-asml?a=2PxB2DLJt5rq&so=i&pg=1&offset=0&total=237&so_medium=Internal&so_source=JobSearch&q=python+pg%3d9
C++ and Python software engineers - Metrology,ASML,"Veldhoven, Netherlands",https://stackoverflow.com//jobs/523429/c-plus-plus-and-python-software-engineers-metrology-asml?a=2PxB2DLJt5rq&so=i&pg=1&offset=0&total=237&so_medium=Internal&so_source=JobSearch&q=python+pg%3d9
Python Engineer (f/m/x),AUTO1,"Berlin, Germany",https://stackoverflow.com//jobs/529846/python-engineer-f-m-x-auto1?a=2RH1pt2AXKGQ&so=i&pg=1&offset=1&total=237&so_medium=Internal&so_source=JobSearch&q=python+pg%3d9
Backend Software Engineer: Python/ Java (m/f/d),creditshelf,"Frankfurt am Main, Deutschland",https://stackoverflow.com//jobs/219940/backend-software-engineer-python-java-m-f-d-creditshelf?a=1bLbuCWAEaiY&so=i&pg=1&offset=2&total=237&so_medium=Internal&so_source=JobSearch&q=python+pg%3d9
Back-end developer (Python),Nolk,"Montreal, QC, Canada",https://stackoverflow.com//jobs/547896/back-end-developer-python-nolk?a=2XKkIBSECGTS&so=i&pg=1&offset=3&total=237&so_medium=Internal&so_source=JobSearch&q=python+pg%3d9
Python Developer (Remote),X-Team,No office location,https://stackoverflow.com//jobs/534454/python-developer-remote-x-team?a=2TePQRn14hTq&so=i&pg=1&offset=4&total=237&so_medium=Internal&so_source=JobSearch&q=python+pg%3d9
"Senior Python Engineer, Backend (Remote)",AssemblyAI,"San Francisco, CA",https://stackoverflow.com//jobs/540026/senior-python-engineer-backend-remote-assemblyai?a=2V6H2FClrmQo&so=i&pg=1&offset=5&total=237&so_medium=Internal&so_source=JobSearch&q=python+pg%3d9
(Senior) Backend Python Developer (m/f/x),Alasco,"München, Germany",https://stackoverflow.com//jobs/388312/senior-backend-python-developer-m-f-x-alasco?a=26e7FsqQLr6o&so=i&pg=1&offset=6&total=237&so_medium=Internal&so_source=JobSearch&q=python+pg%3d9
(Senior) Software Engineer (Python) - Vendor Tech (f/m/d),Delivery Hero SE,"Berlin, Germany",https://stackoverflow.com//jobs/540103/senior-software-engineer-python-vendor-tech-delivery-hero-se?a=2V8ij71NdvIk&so=i&pg=1&offset=7&total=237&so_medium=Internal&so_source=JobSearch&q=python+pg%3d9
(Senior / Mid-Level) Software Engineer (Python) - Global Service Tech (f/m/d),Delivery Hero SE,"Berlin, Germany",https://stackoverflow.com//jobs/543914/senior-mid-level-software-engineer-python-delivery-hero-se?a=2Wpxi25ct0u4&so=i&pg=1&offset=8&total=237&so_medium=Internal&so_source=JobSearch&q=python+pg%3d9
"(Senior) Software Engineer with Python - Quick Commerce, remote team (f/m/d)",Delivery Hero SE,No office location,https://stackoverflow.com//jobs/545025/senior-software-engineer-with-python-quick-delivery-hero-se?a=2WMDxQ9eFDTq&so=i&pg=1&offset=9&total=237&so_medium=Internal&so_source=JobSearch&q=python+pg%3d9
"Senior Open Source Developer & DevOps (Python, Django, AWS, OpenStack)",OpenCraft,No office location,https://stackoverflow.com//jobs/453430/senior-open-source-developer-devops-python-opencraft?a=2s475d4WIn4I&so=i&pg=1&offset=10&total=237&so_medium=Internal&so_source=JobSearch&q=python+pg%3d9
"Senior Software Engineer, Integration QA, Python",Canonical,No office location,https://stackoverflow.com//jobs/519661/senior-software-engineer-integration-qa-python-canonical?a=2OhfkCQ9ChCE&so=i&pg=1&offset=11&total=237&so_medium=Internal&so_source=JobSearch&q=python+pg%3d9
Software Engineer - Python and React,SureSwift Capital,No office location,https://stackoverflow.com//jobs/544565/software-engineer-python-and-react-sureswift-capital?a=2WD4x2JCL7Q4&so=i&pg=1&offset=12&total=237&so_medium=Internal&so_source=JobSearch&q=python+pg%3d9
"Engineering Manager (Python) - Quick Commerce, remote team (f/m/d)",Delivery Hero SE,No office location,https://stackoverflow.com//jobs/545030/engineering-manager-python-quick-commerce-delivery-hero-se?a=2WMJZtLVxuO4&so=i&pg=1&offset=13&total=237&so_medium=Internal&so_source=JobSearch&q=python+pg%3d9
Software Engineer - Python - Optimise Ubuntu for Public Clouds,Canonical,No office location,https://stackoverflow.com//jobs/532909/software-engineer-python-optimise-ubuntu-for-canonical?a=2SII6nxmFzA4&so=i&pg=1&offset=14&total=237&so_medium=Internal&so_source=JobSearch&q=python+pg%3d9
Python/Perl Developer,BookTrolls,"Houston, TX",https://stackoverflow.com//jobs/521797/python-perl-developer-booktrolls?a=2OZEYrPVSSkg&so=i&pg=1&offset=15&total=237&so_medium=Internal&so_source=JobSearch&q=python+pg%3d9
Business/Data Analyst (Python/Jupyter/Pandas/Numpy),Hummingbot,No office location,https://stackoverflow.com//jobs/534273/business-data-analyst-python-jupyter-pandas-hummingbot?a=2Tb4vVnAqoq4&so=i&pg=1&offset=16&total=237&so_medium=Internal&so_source=JobSearch&q=python+pg%3d9
"Full Stack Data Lead (AWS, Python)",Modus Create,No office location,https://stackoverflow.com//jobs/539789/full-stack-data-lead-aws-python-modus-create?a=2V1LvMeLRUJO&so=i&pg=1&offset=17&total=237&so_medium=Internal&so_source=JobSearch&q=python+pg%3d9
Software Engineering Manager (Python / GCP) (Global Service Tech) (f/m/d),Delivery Hero SE,"Berlin, Germany",https://stackoverflow.com//jobs/540140/software-engineering-manager-python-gcp-delivery-hero-se?a=2V94aqT1ItlC&so=i&pg=1&offset=18&total=237&so_medium=Internal&so_source=JobSearch&q=python+pg%3d9
Ruby / Elixir / Python / Go Developer,Scripbox,"Bengaluru, India",https://stackoverflow.com//jobs/463464/ruby-elixir-python-go-developer-scripbox?a=2vqKuX26D49q&so=i&pg=1&offset=19&total=237&so_medium=Internal&so_source=JobSearch&q=python+pg%3d9
C++ developer in Berlin. 120 000 euro per year,think-cell,"Berlin, Germany",https://stackoverflow.com//jobs/36832/c-plus-plus-developer-in-berlin-120-000-euro-per-year-think-cell?a=clQrrht3gwE&so=i&pg=1&offset=20&total=237&so_medium=Internal&so_source=JobSearch&q=python+pg%3d9
Senior Software Engineer - Web Services (Remote),Canonical,No office location,https://stackoverflow.com//jobs/548614/senior-software-engineer-web-services-remote-canonical?a=2XZgkMH8Xfiw&so=i&pg=1&offset=21&total=237&so_medium=Internal&so_source=JobSearch&q=python+pg%3d9
Senior Full-stack Engineer,"ApolloFactor, Inc",No office location,https://stackoverflow.com//jobs/521213/senior-full-stack-engineer-apollofactor-inc?a=2ONw6BlzDc0U&so=i&pg=1&offset=22&total=237&so_medium=Internal&so_source=JobSearch&q=python+pg%3d9
Senior Software Engineer (f/m/d) for something meaningful,Plantix,No office location,https://stackoverflow.com//jobs/434316/senior-software-engineer-f-m-d-for-something-plantix?a=2lEGgRht5sUU&so=i&pg=1&offset=23&total=237&so_medium=Internal&so_source=JobSearch&q=python+pg%3d9
"Software Engineer, Backend",SmartNews,"Shibuya City, Japan",https://stackoverflow.com//jobs/208334/software-engineer-backend-smartnews?a=17RRwlZff9bq&so=i&pg=1&offset=24&total=237&so_medium=Internal&so_source=JobSearch&q=python+pg%3d9
